skew_thr,streak_sec,cheap_thr,all_slices_positive,min_slice_pnl_usd,pnl_sum_usd_full,ev_per_window_usd_full,hits_full,slice_0_pnl_usd,slice_1_pnl_usd,slice_2_pnl_usd,slice_3_pnl_usd,slice_4_pnl_usd,slice_5_pnl_usd,slice_6_pnl_usd,slice_7_pnl_usd,slice_8_pnl_usd,slice_9_pnl_usd
0.7,6,0.15,0,-7.0,596.722611,0.597918,84,497.181818,120.540793,-3.0,-7.0,-4.0,-2.0,-2.0,-1.0,-4.0,2.0
0.7,6,0.16,0,-9.0,591.722611,0.592908,89,497.181818,120.540793,-3.0,-9.0,-4.0,-2.0,-4.0,-2.0,-4.0,2.0
0.7,6,0.17,0,-9.0,590.396408,0.59158,93,497.181818,117.332236,-3.0,-9.0,0.882353,-2.0,-4.0,-5.0,-4.0,2.0
0.7,6,0.18,0,-9.0,594.951963,0.596144,94,497.181818,117.332236,-3.0,-9.0,0.882353,2.555556,-4.0,-5.0,-4.0,2.0
0.7,6,0.19,0,-9.0,594.332768,0.595524,94,497.181818,116.713041,-3.0,-9.0,0.882353,2.555556,-4.0,-5.0,-4.0,2.0
0.7,6,0.2,0,-9.0,595.64046,0.596834,95,497.181818,114.020734,-3.0,-9.0,0.882353,2.555556,-4.0,-5.0,0.0,2.0
0.7,6,0.21,0,-9.0,595.139207,0.596332,95,497.181818,113.519481,-3.0,-9.0,0.882353,2.555556,-4.0,-5.0,0.0,2.0
0.7,6,0.22,0,-9.0,595.139207,0.596332,95,497.181818,113.519481,-3.0,-9.0,0.882353,2.555556,-4.0,-5.0,0.0,2.0
0.7,8,0.15,0,-8.0,661.333722,0.662659,93,542.015152,118.540793,12.666667,-8.0,-5.0,-2.0,-2.0,-1.0,-5.0,11.111111
0.7,8,0.16,0,-10.0,656.333722,0.657649,98,542.015152,118.540793,12.666667,-10.0,-5.0,-2.0,-4.0,-2.0,-5.0,11.111111
0.7,8,0.17,0,-10.0,654.007519,0.655318,103,542.015152,115.332236,12.666667,-10.0,-1.117647,-2.0,-4.0,-5.0,-5.0,11.111111
0.7,8,0.18,0,-10.0,664.11863,0.66545,104,542.015152,115.332236,12.666667,-10.0,-1.117647,2.555556,1.555556,-5.0,-5.0,11.111111
0.7,8,0.19,0,-10.0,650.122242,0.651425,104,534.778309,114.713041,12.666667,-10.0,-1.117647,2.555556,1.263158,-5.0,-5.0,5.263158
0.7,8,0.2,0,-10.0,651.166776,0.652472,105,534.778309,112.020734,12.666667,-10.0,-1.117647,2.555556,1.0,-5.0,-1.0,5.263158
0.7,8,0.21,0,-10.0,649.663017,0.650965,105,534.277056,111.519481,12.666667,-10.0,-1.117647,2.555556,1.0,-5.0,-1.0,4.761905
0.7,8,0.22,0,-6.454545,653.208471,0.654518,106,534.277056,111.519481,12.666667,-6.454545,-1.117647,2.555556,1.0,-5.0,-1.0,4.761905
0.7,10,0.15,0,-7.0,761.02603,0.762551,101,640.015152,118.540793,10.666667,-0.307692,-7.0,-3.0,-2.0,-2.0,-6.0,12.111111
0.7,10,0.16,0,-7.0,750.742813,0.752247,107,637.174242,118.540793,10.666667,-3.75,-7.0,-3.0,-5.0,-3.0,-6.0,12.111111
0.7,10,0.17,0,-6.0,748.048962,0.749548,112,637.174242,115.332236,10.666667,-4.117647,-3.117647,-3.0,-5.0,-6.0,-6.0,12.111111
0.7,10,0.18,0,-6.0,758.160074,0.759679,113,637.174242,115.332236,10.666667,-4.117647,-3.117647,1.555556,0.555556,-6.0,-6.0,12.111111
0.7,10,0.19,0,-6.0,743.544491,0.745035,113,629.9374,114.713041,10.666667,-4.736842,-3.117647,1.555556,0.263158,-6.0,-6.0,6.263158
0.7,10,0.2,0,-6.0,649.589025,0.650891,114,534.9374,112.020734,10.666667,-4.736842,-3.117647,1.555556,0.0,-6.0,-2.0,6.263158
0.7,10,0.21,0,-6.0,552.84717,0.553955,114,534.436147,16.281385,10.666667,-4.736842,-3.117647,1.555556,0.0,-6.0,-2.0,5.761905
0.7,10,0.22,0,-6.0,556.176175,0.557291,115,534.436147,16.064935,10.666667,-1.191388,-3.117647,1.555556,0.0,-6.0,-2.0,5.761905
0.7,12,0.15,0,-7.0,760.143246,0.761667,108,644.681818,116.991342,8.666667,-0.307692,-7.0,-4.0,-3.0,-2.0,-6.0,12.111111
0.7,12,0.16,0,-7.0,749.443362,0.750945,114,641.424242,116.991342,8.666667,-3.75,-7.0,-4.0,-6.0,-3.0,-6.0,12.111111
0.7,12,0.17,0,-6.0,746.381865,0.747878,119,641.056595,113.782786,8.666667,-4.117647,-3.117647,-4.0,-6.0,-6.0,-6.0,12.111111
0.7,12,0.18,0,-6.0,756.492976,0.758009,120,641.056595,113.782786,8.666667,-4.117647,-3.117647,0.555556,-0.444444,-6.0,-6.0,12.111111
0.7,12,0.19,0,-6.0,747.140551,0.748638,120,633.819753,113.163591,8.666667,0.526316,-3.117647,0.555556,-0.736842,-6.0,-6.0,6.263158
0.7,12,0.2,0,-6.0,655.614235,0.656928,121,538.819753,113.163591,8.666667,0.263158,-3.117647,0.555556,-1.0,-6.0,-2.0,6.263158
0.7,12,0.21,0,-6.0,558.87238,0.559992,121,538.3185,17.424242,8.666667,0.263158,-3.117647,0.555556,-1.0,-6.0,-2.0,5.761905
0.7,12,0.22,0,-6.0,562.201385,0.563328,122,538.3185,17.207792,8.666667,3.808612,-3.117647,0.555556,-1.0,-6.0,-2.0,5.761905
0.7,14,0.15,0,-7.0,758.143246,0.759663,110,644.681818,117.991342,8.666667,-1.307692,-7.0,-4.0,-4.0,-2.0,-6.0,11.111111
0.7,14,0.16,0,-7.0,747.443362,0.748941,116,641.424242,117.991342,8.666667,-4.75,-7.0,-4.0,-7.0,-3.0,-6.0,11.111111
0.7,14,0.17,0,-7.0,750.264218,0.751768,121,641.056595,114.782786,8.666667,0.764706,-3.117647,-4.0,-7.0,-6.0,-6.0,11.111111
0.7,14,0.18,0,-6.0,760.048532,0.761572,122,641.056595,114.782786,8.666667,0.437908,-3.117647,0.555556,-1.444444,-6.0,-6.0,11.111111
0.7,14,0.19,0,-6.0,745.140551,0.746634,122,633.819753,114.163591,8.666667,-0.473684,-3.117647,0.555556,-1.736842,-6.0,-6.0,5.263158
0.7,14,0.2,0,-6.0,653.877393,0.655188,123,538.819753,114.163591,8.666667,-0.473684,-3.117647,0.555556,-2.0,-6.0,-2.0,5.263158
0.7,14,0.21,0,-6.0,557.135538,0.558252,123,538.3185,18.424242,8.666667,-0.473684,-3.117647,0.555556,-2.0,-6.0,-2.0,4.761905
0.7,14,0.22,0,-6.0,560.464543,0.561588,124,538.3185,18.207792,8.666667,3.07177,-3.117647,0.555556,-2.0,-6.0,-2.0,4.761905
0.7,16,0.15,0,-8.0,763.254357,0.764784,116,644.681818,115.991342,8.666667,-2.307692,-8.0,-4.0,-4.0,9.111111,-7.0,10.111111
0.7,16,0.16,0,-9.0,751.554473,0.753061,123,641.424242,115.991342,8.666667,-5.75,-9.0,-4.0,-7.0,8.111111,-7.0,10.111111
0.7,16,0.17,0,-7.0,755.375329,0.756889,127,641.056595,112.782786,8.666667,-0.235294,-4.117647,-4.0,-7.0,5.111111,-7.0,10.111111
0.7,16,0.18,0,-7.0,765.159643,0.766693,128,641.056595,112.782786,8.666667,-0.562092,-4.117647,0.555556,-1.444444,5.111111,-7.0,10.111111
0.7,16,0.19,0,-7.0,750.251662,0.751755,128,633.819753,112.163591,8.666667,-1.473684,-4.117647,0.555556,-1.736842,5.111111,-7.0,4.263158
0.7,16,0.2,0,-4.117647,656.877393,0.658194,130,538.819753,112.163591,8.666667,3.526316,-4.117647,0.555556,-2.0,-1.0,-3.0,3.263158
0.7,16,0.21,0,-4.117647,560.135538,0.561258,130,538.3185,16.424242,8.666667,3.526316,-4.117647,0.555556,-2.0,-1.0,-3.0,2.761905
0.7,16,0.22,0,-4.117647,562.555452,0.563683,131,538.3185,16.207792,13.212121,2.07177,-4.117647,0.555556,-2.0,-1.454545,-3.0,2.761905
0.7,18,0.15,0,-8.0,763.921023,0.765452,122,644.681818,115.991342,7.666667,-2.307692,-8.0,-5.0,-5.0,9.111111,-3.333333,10.111111
0.7,18,0.16,0,-9.0,752.22114,0.753729,129,641.424242,115.991342,7.666667,-5.75,-9.0,-5.0,-8.0,8.111111,-3.333333,10.111111
0.7,18,0.17,0,-8.0,756.041996,0.757557,133,641.056595,112.782786,7.666667,-0.235294,-4.117647,-5.0,-8.0,5.111111,-3.333333,10.111111
0.7,18,0.18,0,-4.117647,765.826309,0.767361,134,641.056595,112.782786,7.666667,-0.562092,-4.117647,-0.444444,-2.444444,5.111111,-3.333333,10.111111
0.7,18,0.19,0,-4.736842,754.777978,0.756291,134,633.819753,112.163591,7.666667,3.789474,-4.117647,-0.444444,-2.736842,5.111111,-4.736842,4.263158
0.7,18,0.2,0,-4.736842,658.403709,0.659723,134,538.819753,112.163591,7.666667,8.789474,-4.117647,-0.444444,-3.0,-1.0,-4.736842,4.263158
0.7,18,0.21,0,-4.736842,561.160601,0.562285,134,538.3185,16.424242,7.666667,8.288221,-4.117647,-0.444444,-3.0,-1.0,-4.736842,3.761905
0.7,18,0.22,0,-4.117647,572.671423,0.573819,135,538.3185,16.207792,16.757576,6.833675,-4.117647,-0.444444,-3.0,-1.454545,-0.191388,3.761905
0.7,20,0.15,0,-8.0,796.421023,0.798017,127,633.181818,164.991342,7.666667,-3.307692,-8.0,-5.0,-6.0,6.111111,-3.333333,10.111111
0.7,20,0.16,0,-9.0,784.72114,0.786294,134,629.924242,164.991342,7.666667,-6.75,-9.0,-5.0,-9.0,5.111111,-3.333333,10.111111
0.7,20,0.17,0,-9.0,788.541996,0.790122,138,629.556595,161.782786,7.666667,-1.235294,-4.117647,-5.0,-9.0,2.111111,-3.333333,10.111111
0.7,20,0.18,0,-4.117647,798.326309,0.799926,139,629.556595,161.782786,7.666667,-1.562092,-4.117647,-0.444444,-3.444444,2.111111,-3.333333,10.111111
0.7,20,0.19,0,-4.736842,794.51482,0.796107,139,629.556595,161.163591,7.666667,2.789474,-4.117647,-0.444444,-3.736842,2.111111,-4.736842,4.263158
0.7,20,0.2,0,-4.736842,698.140551,0.69954,139,534.556595,161.163591,7.666667,7.789474,-4.117647,-0.444444,-4.0,-4.0,-4.736842,4.263158
0.7,20,0.21,0,-4.736842,605.160601,0.606373,140,534.556595,65.424242,7.666667,7.288221,-4.117647,-0.444444,-4.0,-4.0,-4.736842,7.52381
0.7,20,0.22,0,-4.454545,621.000428,0.622245,141,534.556595,65.207792,16.757576,10.37913,-4.117647,-0.444444,-4.0,-4.454545,-0.191388,7.307359
0.7,22,0.15,0,-8.0,805.230547,0.806844,132,639.324675,163.991342,7.666667,-3.307692,-8.0,-7.0,-6.0,11.777778,-3.333333,10.111111
0.7,22,0.16,0,-9.0,793.113997,0.794703,139,636.0671,163.991342,7.666667,-6.75,-9.0,-7.0,-9.0,10.361111,-3.333333,10.111111
0.7,22,0.17,0,-9.0,797.934853,0.799534,142,635.699453,160.782786,7.666667,-1.235294,-4.117647,-7.0,-9.0,8.361111,-3.333333,10.111111
0.7,22,0.18,0,-4.117647,807.024722,0.808642,143,635.699453,160.782786,7.666667,-1.562092,-4.117647,-2.444444,-3.444444,7.666667,-3.333333,10.111111
0.7,22,0.19,0,-4.736842,801.333533,0.802939,143,633.819753,160.163591,7.666667,2.789474,-4.117647,-2.444444,-3.736842,7.666667,-4.736842,4.263158
0.7,22,0.2,0,-4.736842,704.696106,0.706108,143,538.556595,160.163591,7.666667,7.789474,-4.117647,-2.444444,-4.0,1.555556,-4.736842,4.263158
0.7,22,0.21,0,-4.736842,611.716156,0.612942,144,538.556595,64.424242,7.666667,7.288221,-4.117647,-2.444444,-4.0,1.555556,-4.736842,7.52381
0.7,22,0.22,0,-4.454545,622.000428,0.623247,145,538.556595,64.207792,16.757576,10.37913,-4.117647,-2.444444,-4.0,-4.454545,-0.191388,7.307359
0.72,6,0.15,0,-7.0,1124.174992,1.126428,95,929.634199,218.540793,-3.0,-7.0,-4.0,-3.0,-2.0,-2.0,-4.0,1.0
0.72,6,0.16,0,-9.0,1115.917416,1.118154,100,926.376623,218.540793,-3.0,-9.0,-4.0,-3.0,-4.0,-3.0,-4.0,1.0
0.72,6,0.17,0,-9.0,1113.223566,1.115454,105,926.008976,215.332236,-3.0,-9.0,-0.117647,-3.0,-4.0,-6.0,-4.0,1.0
0.72,6,0.18,0,-9.0,1122.334677,1.124584,107,925.008976,215.332236,-3.0,-9.0,-0.117647,1.555556,1.555556,-6.0,-4.0,1.0
0.72,6,0.19,0,-9.0,1114.186242,1.116419,107,917.772134,214.713041,-3.0,-9.0,-0.117647,1.555556,1.263158,-6.0,-4.0,1.0
0.72,6,0.2,0,-9.0,1020.230776,1.022275,108,822.772134,212.020734,-3.0,-9.0,-0.117647,1.555556,1.0,-6.0,0.0,1.0
0.72,6,0.21,0,-9.0,1019.22827,1.021271,108,822.270881,211.519481,-3.0,-9.0,-0.117647,1.555556,1.0,-6.0,0.0,1.0
0.72,6,0.22,0,-9.0,1019.22827,1.021271,108,822.270881,211.519481,-3.0,-9.0,-0.117647,1.555556,1.0,-6.0,0.0,1.0
0.72,8,0.15,0,-8.0,1188.286103,1.190667,102,970.967532,217.540793,12.666667,-8.0,-5.0,-3.0,-2.0,-2.0,-5.0,12.111111
0.72,8,0.16,0,-10.0,1180.028527,1.182393,107,967.709957,217.540793,12.666667,-10.0,-5.0,-3.0,-4.0,-3.0,-5.0,12.111111
0.72,8,0.17,0,-10.0,1177.334677,1.179694,112,967.34231,214.332236,12.666667,-10.0,-1.117647,-3.0,-4.0,-6.0,-5.0,12.111111
0.72,8,0.18,0,-10.0,1186.445788,1.188823,114,966.34231,214.332236,12.666667,-10.0,-1.117647,1.555556,1.555556,-6.0,-5.0,12.111111
0.72,8,0.19,0,-10.0,1172.4494,1.174799,114,959.105468,213.713041,12.666667,-10.0,-1.117647,1.555556,1.263158,-6.0,-5.0,6.263158
0.72,8,0.2,0,-10.0,1078.493934,1.080655,115,864.105468,211.020734,12.666667,-10.0,-1.117647,1.555556,1.0,-6.0,-1.0,6.263158
0.72,8,0.21,0,-10.0,1076.990175,1.079148,115,863.604214,210.519481,12.666667,-10.0,-1.117647,1.555556,1.0,-6.0,-1.0,5.761905
0.72,8,0.22,0,-6.454545,1080.535629,1.082701,116,863.604214,210.519481,12.666667,-6.454545,-1.117647,1.555556,1.0,-6.0,-1.0,5.761905
0.72,10,0.15,0,-7.0,1298.787934,1.301391,113,1074.11039,217.540793,10.666667,-0.307692,-7.0,-4.0,-2.0,3.666667,-6.0,12.111111
0.72,10,0.16,0,-7.0,1287.671384,1.290252,119,1070.852814,217.540793,10.666667,-3.75,-7.0,-4.0,-5.0,2.25,-6.0,12.111111
0.72,10,0.17,0,-6.0,1285.24224,1.287818,123,1070.485167,214.332236,10.666667,-4.117647,-3.117647,-4.0,-5.0,-0.117647,-6.0,12.111111
0.72,10,0.18,0,-6.0,1294.353351,1.296947,125,1069.485167,214.332236,10.666667,-4.117647,-3.117647,0.555556,0.555556,-0.117647,-6.0,12.111111
0.72,10,0.19,0,-6.0,1279.737768,1.282302,125,1062.248325,213.713041,10.666667,-4.736842,-3.117647,0.555556,0.263158,-0.117647,-6.0,6.263158
0.72,10,0.2,0,-4.736842,1184.899949,1.187274,126,967.248325,211.020734,10.666667,-4.736842,-3.117647,0.555556,0.0,-1.0,-2.0,6.263158
0.72,10,0.21,0,-4.736842,1088.158095,1.090339,126,966.747072,115.281385,10.666667,-4.736842,-3.117647,0.555556,0.0,-1.0,-2.0,5.761905
0.72,10,0.22,0,-3.117647,1091.487099,1.093674,127,966.747072,115.064935,10.666667,-1.191388,-3.117647,0.555556,0.0,-1.0,-2.0,5.761905
0.72,12,0.15,0,-7.0,1291.238484,1.293826,120,1073.11039,215.991342,8.666667,-1.307692,-7.0,-4.0,-4.0,3.666667,-6.0,12.111111
0.72,12,0.16,0,-7.0,1264.844156,1.267379,126,1069.852814,215.991342,-1.75,-4.75,-7.0,-4.0,-7.0,2.25,-6.0,7.25
0.72,12,0.17,0,-7.0,1262.415011,1.264945,130,1069.485167,212.782786,-1.75,-5.117647,-3.117647,-4.0,-7.0,-0.117647,-6.0,7.25
0.72,12,0.18,0,-6.0,1271.526123,1.274074,132,1068.485167,212.782786,-1.75,-5.117647,-3.117647,0.555556,-1.444444,-0.117647,-6.0,7.25
0.72,12,0.19,0,-6.0,1267.034809,1.269574,132,1061.248325,212.163591,-1.75,-0.473684,-3.117647,0.555556,-1.736842,-0.117647,-6.0,6.263158
0.72,12,0.2,0,-3.117647,1174.362982,1.176716,133,966.248325,212.163591,-1.75,-0.736842,-3.117647,0.555556,-2.0,-1.0,-2.0,6.0
0.72,12,0.21,0,-3.117647,1082.884285,1.085054,133,965.747072,121.186147,-1.75,-0.736842,-3.117647,0.555556,-2.0,-1.0,-2.0,6.0
0.72,12,0.22,0,-3.117647,1090.758744,1.092945,134,965.747072,120.969697,2.795455,2.808612,-3.117647,0.555556,-2.0,-1.0,-2.0,6.0
0.72,14,0.15,0,-7.0,1290.238484,1.292824,121,1073.11039,215.991342,8.666667,-1.307692,-7.0,-4.0,-5.0,3.666667,-5.0,11.111111
0.72,14,0.16,0,-8.0,1263.844156,1.266377,127,1069.852814,215.991342,-1.75,-4.75,-7.0,-4.0,-8.0,2.25,-5.0,6.25
0.72,14,0.17,0,-8.0,1267.297364,1.269837,131,1069.485167,212.782786,-1.75,0.764706,-3.117647,-4.0,-8.0,-0.117647,-5.0,6.25
0.72,14,0.18,0,-5.0,1276.081678,1.278639,133,1068.485167,212.782786,-1.75,0.437908,-3.117647,0.555556,-2.444444,-0.117647,-5.0,6.25
0.72,14,0.19,0,-5.0,1266.034809,1.268572,133,1061.248325,212.163591,-1.75,-0.473684,-3.117647,0.555556,-2.736842,-0.117647,-5.0,5.263158
0.72,14,0.2,0,-3.117647,1173.62614,1.175978,134,966.248325,212.163591,-1.75,-0.473684,-3.117647,0.555556,-3.0,-1.0,-1.0,5.0
0.72,14,0.21,0,-3.117647,1082.147443,1.084316,134,965.747072,121.186147,-1.75,-0.473684,-3.117647,0.555556,-3.0,-1.0,-1.0,5.0
0.72,14,0.22,0,-3.117647,1090.021902,1.092206,135,965.747072,120.969697,2.795455,3.07177,-3.117647,0.555556,-3.0,-1.0,-1.0,5.0
0.72,16,0.15,0,-8.0,1280.849595,1.283416,129,1061.61039,213.991342,8.666667,-2.307692,-8.0,-4.0,-5.0,13.777778,-7.0,9.111111
0.72,16,0.16,0,-9.0,1253.455267,1.255967,136,1058.352814,213.991342,-1.75,-5.75,-9.0,-4.0,-8.0,12.361111,-7.0,4.25
0.72,16,0.17,0,-8.0,1257.908476,1.260429,139,1057.985167,210.782786,-1.75,-0.235294,-4.117647,-4.0,-8.0,9.993464,-7.0,4.25
0.72,16,0.18,0,-7.0,1266.692789,1.269231,141,1056.985167,210.782786,-1.75,-0.562092,-4.117647,0.555556,-2.444444,9.993464,-7.0,4.25
0.72,16,0.19,0,-7.0,1263.882762,1.266416,141,1056.985167,210.163591,-1.75,-1.473684,-4.117647,0.555556,-2.736842,9.993464,-7.0,3.263158
0.72,16,0.2,0,-4.117647,1163.696315,1.166028,142,961.985167,203.496924,-1.75,3.526316,-4.117647,0.555556,-3.0,3.0,-3.0,3.0
0.72,16,0.21,0,-4.117647,1072.718872,1.074869,142,961.985167,112.519481,-1.75,3.526316,-4.117647,0.555556,-3.0,3.0,-3.0,3.0
0.72,16,0.22,0,-4.117647,1079.68424,1.081848,143,961.985167,112.30303,2.795455,2.07177,-4.117647,0.555556,-3.0,2.545455,1.545455,3.0
0.72,18,0.15,0,-8.0,1267.016262,1.269555,137,1048.11039,213.991342,7.666667,-2.307692,-8.0,-5.0,-6.0,11.777778,-2.333333,9.111111
0.72,18,0.16,0,-9.0,1239.621934,1.242106,144,1044.852814,213.991342,-2.75,-5.75,-9.0,-5.0,-9.0,10.361111,-2.333333,4.25
0.72,18,0.17,0,-9.0,1243.290828,1.245782,147,1044.485167,210.782786,-2.75,-0.235294,-4.117647,-5.0,-9.0,7.993464,-3.117647,4.25
0.72,18,0.18,0,-4.117647,1252.748345,1.255259,148,1044.485167,210.782786,-2.75,-0.562092,-4.117647,-0.444444,-3.444444,7.993464,-3.444444,4.25
0.72,18,0.19,0,-4.117647,1255.201475,1.257717,148,1044.485167,210.163591,-2.75,3.789474,-4.117647,-0.444444,-3.736842,7.993464,-3.444444,3.263158
0.72,18,0.2,0,-4.117647,1151.015029,1.153322,148,949.485167,203.496924,-2.75,8.789474,-4.117647,-0.444444,-4.0,1.0,-3.444444,3.0
0.72,18,0.21,0,-4.117647,1063.298237,1.065429,149,949.485167,112.519481,-2.75,8.288221,-4.117647,-0.444444,-4.0,1.0,-3.444444,6.761905
0.72,18,0.22,0,-4.117647,1079.138064,1.081301,150,949.485167,116.848485,6.340909,6.833675,-4.117647,-0.444444,-4.0,0.545455,1.10101,6.545455
0.72,20,0.15,0,-8.0,1320.682928,1.32333,140,1048.11039,262.991342,7.666667,-3.307692,-8.0,-5.0,-6.0,17.444444,-2.333333,9.111111
0.72,20,0.16,0,-9.0,1292.871934,1.295463,147,1044.852814,262.991342,-2.75,-6.75,-9.0,-5.0,-9.0,15.611111,-2.333333,4.25
0.72,20,0.17,0,-9.0,1297.540828,1.300141,149,1044.485167,259.782786,-2.75,-1.235294,-4.117647,-5.0,-9.0,14.243464,-3.117647,4.25
0.72,20,0.18,0,-4.117647,1306.3039,1.308922,150,1044.485167,259.782786,-2.75,-1.562092,-4.117647,-0.444444,-3.444444,13.54902,-3.444444,4.25
0.72,20,0.19,0,-4.117647,1308.757031,1.31138,150,1044.485167,259.163591,-2.75,2.789474,-4.117647,-0.444444,-3.736842,13.54902,-3.444444,3.263158
0.72,20,0.2,0,-4.117647,1204.570584,1.206985,150,949.485167,252.496924,-2.75,7.789474,-4.117647,-0.444444,-4.0,6.555556,-3.444444,3.0
0.72,20,0.21,0,-4.117647,1116.853792,1.119092,151,949.485167,161.519481,-2.75,7.288221,-4.117647,-0.444444,-4.0,6.555556,-3.444444,6.761905
0.72,20,0.22,0,-4.117647,1131.683518,1.133951,152,949.485167,165.848485,6.340909,10.37913,-4.117647,-0.444444,-4.0,0.545455,1.10101,6.545455
0.72,22,0.15,0,-8.0,1323.825785,1.326479,144,1054.253247,261.991342,7.666667,-3.307692,-8.0,-7.0,-6.0,17.444444,-2.333333,9.111111
0.72,22,0.16,0,-9.0,1296.014791,1.298612,151,1050.995671,261.991342,-2.75,-6.75,-9.0,-7.0,-9.0,15.611111,-2.333333,4.25
0.72,22,0.17,0,-9.0,1300.683686,1.30329,153,1050.628024,258.782786,-2.75,-1.235294,-4.117647,-7.0,-9.0,14.243464,-3.117647,4.25
0.72,22,0.18,0,-4.117647,1315.002313,1.317638,154,1050.628024,258.782786,-2.75,-1.562092,-4.117647,-2.444444,2.111111,13.54902,-3.444444,4.25
0.72,22,0.19,0,-4.117647,1315.283347,1.317919,154,1048.748325,258.163591,-2.75,2.789474,-4.117647,-2.444444,1.526316,13.54902,-3.444444,3.263158
0.72,22,0.2,0,-4.117647,1210.570584,1.212997,154,953.485167,251.496924,-2.75,7.789474,-4.117647,-2.444444,1.0,6.555556,-3.444444,3.0
0.72,22,0.21,0,-4.117647,1122.853792,1.125104,155,953.485167,160.519481,-2.75,7.288221,-4.117647,-2.444444,1.0,6.555556,-3.444444,6.761905
0.72,22,0.22,0,-4.117647,1137.683518,1.139963,156,953.485167,164.848485,6.340909,10.37913,-4.117647,-2.444444,1.0,0.545455,1.10101,6.545455
0.74,6,0.15,0,-7.0,1037.841658,1.039922,98,839.634199,217.540793,-3.0,-7.0,-4.0,-4.0,-2.0,3.666667,-4.0,1.0
0.74,6,0.16,0,-9.0,1029.584083,1.031647,103,836.376623,217.540793,-3.0,-9.0,-4.0,-4.0,-4.0,2.666667,-4.0,1.0
0.74,6,0.17,0,-9.0,1027.890232,1.02995,107,836.008976,214.332236,-3.0,-9.0,-0.117647,-4.0,-4.0,0.666667,-4.0,1.0
0.74,6,0.18,0,-9.0,1037.001343,1.03908,109,835.008976,214.332236,-3.0,-9.0,-0.117647,0.555556,1.555556,0.666667,-4.0,1.0
0.74,6,0.19,0,-9.0,1028.852909,1.030915,109,827.772134,213.713041,-3.0,-9.0,-0.117647,0.555556,1.263158,0.666667,-4.0,1.0
0.74,6,0.2,0,-9.0,939.897443,0.941781,110,732.772134,216.020734,-3.0,-9.0,-0.117647,0.555556,1.0,0.666667,0.0,1.0
0.74,6,0.21,0,-9.0,843.656842,0.845348,110,732.270881,120.281385,-3.0,-9.0,-0.117647,0.555556,1.0,0.666667,0.0,1.0
0.74,6,0.22,0,-5.454545,846.985846,0.848683,111,732.270881,120.064935,-3.0,-5.454545,-0.117647,0.555556,1.0,0.666667,0.0,1.0
0.74,8,0.15,0,-8.0,1091.952769,1.094141,105,870.967532,217.540793,12.666667,-8.0,-5.0,-4.0,-2.0,3.666667,-5.0,11.111111
0.74,8,0.16,0,-10.0,1078.417416,1.080579,110,867.709957,217.540793,12.666667,-10.0,-5.0,-4.0,-4.0,2.25,-5.0,6.25
0.74,8,0.17,0,-10.0,1076.355919,1.078513,114,867.34231,214.332236,12.666667,-10.0,-1.117647,-4.0,-4.0,-0.117647,-5.0,6.25
0.74,8,0.18,0,-10.0,1085.46703,1.087642,116,866.34231,214.332236,12.666667,-10.0,-1.117647,0.555556,1.555556,-0.117647,-5.0,6.25
0.74,8,0.19,0,-5.0,1081.594911,1.083762,116,859.105468,213.713041,12.666667,-4.736842,-1.117647,0.555556,1.263158,-0.117647,-5.0,5.263158
0.74,8,0.2,0,-5.0,990.230776,0.992215,118,764.105468,216.020734,12.666667,-5.0,-1.117647,0.555556,1.0,-1.0,-1.0,4.0
0.74,8,0.21,0,-5.0,893.990175,0.895782,118,763.604214,120.281385,12.666667,-5.0,-1.117647,0.555556,1.0,-1.0,-1.0,4.0
0.74,8,0.22,0,-1.454545,897.319179,0.899117,119,763.604214,120.064935,12.666667,-1.454545,-1.117647,0.555556,1.0,-1.0,-1.0,4.0
0.74,10,0.15,0,-8.0,1202.454601,1.204864,116,974.11039,217.540793,10.666667,-0.307692,-8.0,-5.0,-2.0,3.666667,-6.0,17.777778
0.74,10,0.16,0,-8.0,1176.060273,1.178417,122,970.852814,217.540793,0.25,-3.75,-8.0,-5.0,-5.0,2.25,-6.0,12.916667
0.74,10,0.17,0,-6.0,1173.631129,1.175983,126,970.485167,214.332236,0.25,-4.117647,-4.117647,-5.0,-5.0,-0.117647,-6.0,12.916667
0.74,10,0.18,0,-6.0,1182.74224,1.185112,128,969.485167,214.332236,0.25,-4.117647,-4.117647,-0.444444,0.555556,-0.117647,-6.0,12.916667
0.74,10,0.19,0,-6.0,1183.514084,1.185886,128,962.248325,213.713041,0.25,5.789474,-4.117647,-0.444444,0.263158,-0.117647,-6.0,11.929825
0.74,10,0.2,0,-2.0,1097.149949,1.099349,130,867.248325,216.020734,0.25,5.526316,-0.117647,-0.444444,0.0,-1.0,-2.0,11.666667
0.74,10,0.21,0,-2.0,1000.408095,1.002413,130,866.747072,120.281385,0.25,5.025063,-0.117647,-0.444444,0.0,-1.0,-2.0,11.666667
0.74,10,0.22,0,-2.0,1007.828008,1.009848,131,866.747072,120.064935,0.25,8.570517,-0.572193,-0.444444,4.545455,-1.0,-2.0,11.666667
0.74,12,0.15,0,-8.0,1205.016262,1.207431,124,973.11039,216.991342,8.666667,-1.307692,-8.0,-5.0,-4.0,14.777778,-6.0,15.777778
0.74,12,0.16,0,-8.0,1178.621934,1.180984,130,969.852814,216.991342,-1.75,-4.75,-8.0,-5.0,-7.0,13.361111,-6.0,10.916667
0.74,12,0.17,0,-7.0,1176.192789,1.17855,134,969.485167,213.782786,-1.75,-5.117647,-4.117647,-5.0,-7.0,10.993464,-6.0,10.916667
0.74,12,0.18,0,-6.0,1185.3039,1.187679,136,968.485167,213.782786,-1.75,-5.117647,-4.117647,-0.444444,-1.444444,10.993464,-6.0,10.916667
0.74,12,0.19,0,-6.0,1185.075744,1.187451,137,961.248325,213.163591,-1.75,4.789474,-5.117647,-0.444444,-1.736842,10.993464,-6.0,9.929825
0.74,12,0.2,0,-2.0,1095.292806,1.097488,139,866.248325,218.163591,-1.75,4.526316,-1.117647,-0.444444,-2.0,4.0,-2.0,9.666667
0.74,12,0.21,0,-2.0,998.550952,1.000552,139,865.747072,122.424242,-1.75,4.025063,-1.117647,-0.444444,-2.0,4.0,-2.0,9.666667
0.74,12,0.22,0,-2.0,1014.607229,1.016641,140,865.747072,126.753247,2.795455,7.570517,-1.572193,-0.444444,2.545455,3.545455,-2.0,9.666667
0.74,14,0.15,0,-9.0,1202.016262,1.204425,127,973.11039,216.991342,8.666667,-1.307692,-9.0,-5.0,-5.0,13.777778,-5.0,14.777778
0.74,14,0.16,0,-10.0,1174.621934,1.176976,134,969.852814,216.991342,-1.75,-4.75,-10.0,-5.0,-8.0,12.361111,-5.0,9.916667
0.74,14,0.17,0,-8.0,1179.075142,1.181438,137,969.485167,213.782786,-1.75,0.764706,-5.117647,-5.0,-8.0,9.993464,-5.0,9.916667
0.74,14,0.18,0,-5.117647,1187.859456,1.19024,139,968.485167,213.782786,-1.75,0.437908,-5.117647,-0.444444,-2.444444,9.993464,-5.0,9.916667
0.74,14,0.19,0,-5.117647,1183.075744,1.185447,139,961.248325,213.163591,-1.75,4.789474,-5.117647,-0.444444,-2.736842,9.993464,-5.0,8.929825
0.74,14,0.2,0,-3.0,1093.555964,1.095747,141,866.248325,218.163591,-1.75,4.789474,-1.117647,-0.444444,-3.0,3.0,-1.0,8.666667
0.74,14,0.21,0,-3.0,996.81411,0.998812,141,865.747072,122.424242,-1.75,4.288221,-1.117647,-0.444444,-3.0,3.0,-1.0,8.666667
0.74,14,0.22,0,-1.572193,1012.870387,1.0149,142,865.747072,126.753247,2.795455,7.833675,-1.572193,-0.444444,1.545455,2.545455,-1.0,8.666667
0.74,16,0.15,0,-9.0,1181.516262,1.183884,135,960.61039,214.991342,8.666667,-2.307692,-9.0,-6.0,-5.0,12.777778,-8.0,14.777778
0.74,16,0.16,0,-10.0,1154.121934,1.156435,142,957.352814,214.991342,-1.75,-5.75,-10.0,-6.0,-8.0,11.361111,-8.0,9.916667
0.74,16,0.17,0,-8.0,1158.575142,1.160897,145,956.985167,211.782786,-1.75,-0.235294,-5.117647,-6.0,-8.0,8.993464,-8.0,9.916667
0.74,16,0.18,0,-8.0,1168.359456,1.170701,146,956.985167,211.782786,-1.75,-0.562092,-5.117647,-1.444444,-2.444444,8.993464,-8.0,9.916667
0.74,16,0.19,0,-8.0,1170.812586,1.173159,146,956.985167,211.163591,-1.75,3.789474,-5.117647,-1.444444,-2.736842,8.993464,-8.0,8.929825
0.74,16,0.2,0,-4.0,1079.62614,1.08179,148,861.985167,209.496924,-1.75,8.789474,-1.117647,-1.444444,-3.0,2.0,-4.0,8.666667
0.74,16,0.21,0,-4.0,983.385538,0.985356,148,861.985167,113.757576,-1.75,8.288221,-1.117647,-1.444444,-3.0,2.0,-4.0,8.666667
0.74,16,0.22,0,-1.572193,998.98727,1.000989,149,861.985167,118.08658,2.795455,6.833675,-1.572193,-1.444444,1.545455,1.545455,0.545455,8.666667
0.74,18,0.15,0,-9.0,1170.682928,1.173029,140,948.11039,214.991342,7.666667,-2.307692,-9.0,-7.0,-6.0,11.777778,-2.333333,14.777778
0.74,18,0.16,0,-10.0,1143.2886,1.14558,147,944.852814,214.991342,-2.75,-5.75,-10.0,-7.0,-9.0,10.361111,-2.333333,9.916667
0.74,18,0.17,0,-9.0,1146.957495,1.149256,150,944.485167,211.782786,-2.75,-0.235294,-5.117647,-7.0,-9.0,7.993464,-3.117647,9.916667
0.74,18,0.18,0,-5.117647,1156.415011,1.158732,151,944.485167,211.782786,-2.75,-0.562092,-5.117647,-2.444444,-3.444444,7.993464,-3.444444,9.916667
0.74,18,0.19,0,-5.117647,1158.868142,1.161191,151,944.485167,211.163591,-2.75,3.789474,-5.117647,-2.444444,-3.736842,7.993464,-3.444444,8.929825
0.74,18,0.2,0,-4.0,1058.681695,1.060803,152,849.485167,204.496924,-2.75,8.789474,-1.117647,-2.444444,-4.0,1.0,-3.444444,8.666667
0.74,18,0.21,0,-4.0,966.202999,0.968139,153,849.485167,108.757576,-2.75,8.288221,-1.117647,-2.444444,-4.0,1.0,-3.444444,12.428571
0.74,18,0.22,0,-2.444444,986.133735,0.98811,154,849.485167,113.08658,1.795455,6.833675,-1.572193,-2.444444,5.090909,0.545455,1.10101,12.212121
0.74,20,0.15,0,-9.0,1224.349595,1.226803,143,948.11039,263.991342,7.666667,-3.307692,-9.0,-8.0,-5.0,17.444444,-2.333333,14.777778
0.74,20,0.16,0,-10.0,1196.121934,1.198519,150,944.852814,263.991342,-2.75,-6.75,-10.0,-8.0,-8.0,15.611111,-2.75,9.916667
0.74,20,0.17,0,-8.0,1201.575142,1.203983,152,944.485167,260.782786,-2.75,-1.235294,-5.117647,-8.0,-8.0,14.243464,-2.75,9.916667
0.74,20,0.18,0,-5.117647,1210.665011,1.213091,153,944.485167,260.782786,-2.75,-1.562092,-5.117647,-3.444444,-2.444444,13.54902,-2.75,9.916667
0.74,20,0.19,0,-9.0,1206.868142,1.209287,153,944.485167,260.163591,-2.75,2.789474,-5.117647,-3.444444,-2.736842,13.54902,-9.0,8.929825
0.74,20,0.2,0,-9.0,1106.681695,1.108899,154,849.485167,253.496924,-2.75,7.789474,-1.117647,-3.444444,-3.0,6.555556,-9.0,8.666667
0.74,20,0.21,0,-9.0,1014.202999,1.016235,155,849.485167,157.757576,-2.75,7.288221,-1.117647,-3.444444,-3.0,6.555556,-9.0,12.428571
0.74,20,0.22,0,-4.454545,1037.669088,1.039749,156,849.485167,162.08658,1.795455,10.37913,-1.572193,-3.444444,6.090909,5.090909,-4.454545,12.212121
0.74,22,0.15,0,-11.0,1227.492452,1.229952,147,954.253247,262.991342,8.666667,-3.307692,-11.0,-8.0,-5.0,17.444444,-2.333333,13.777778
0.74,22,0.16,0,-12.0,1199.264791,1.201668,154,950.995671,262.991342,-1.75,-6.75,-12.0,-8.0,-8.0,15.611111,-2.75,8.916667
0.74,22,0.17,0,-8.0,1204.717999,1.207132,156,950.628024,259.782786,-1.75,-1.235294,-7.117647,-8.0,-8.0,14.243464,-2.75,8.916667
0.74,22,0.18,0,-7.117647,1213.807869,1.21624,157,950.628024,259.782786,-1.75,-1.562092,-7.117647,-3.444444,-2.444444,13.54902,-2.75,8.916667
0.74,22,0.19,0,-9.0,1208.1313,1.210552,157,948.748325,259.163591,-1.75,2.789474,-7.117647,-3.444444,-2.736842,13.54902,-9.0,7.929825
0.74,22,0.2,0,-9.0,1107.681695,1.109901,158,853.485167,252.496924,-1.75,7.789474,-3.117647,-3.444444,-3.0,6.555556,-9.0,7.666667
0.74,22,0.21,0,-9.0,1019.964903,1.022009,159,853.485167,156.757576,-1.75,7.288221,1.644258,-3.444444,-3.0,6.555556,-9.0,11.428571
0.74,22,0.22,0,-4.454545,1043.214543,1.045305,160,853.485167,161.08658,2.795455,10.37913,0.973262,-3.444444,6.090909,5.090909,-4.454545,11.212121
0.76,6,0.15,0,-7.0,1042.292208,1.044381,103,846.634199,216.991342,-4.0,-7.0,-4.0,-4.0,-2.0,3.666667,-4.0,0.0
0.76,6,0.16,0,-9.0,1033.034632,1.035105,109,843.376623,216.991342,-4.0,-9.0,-4.0,-4.0,-5.0,2.666667,-4.0,0.0
0.76,6,0.17,0,-9.0,1030.340782,1.032406,114,843.008976,213.782786,-4.0,-9.0,-0.117647,-4.0,-6.0,0.666667,-4.0,0.0
0.76,6,0.18,0,-9.0,1039.451893,1.041535,116,842.008976,213.782786,-4.0,-9.0,-0.117647,0.555556,-0.444444,0.666667,-4.0,0.0
0.76,6,0.19,0,-9.0,1036.566616,1.038644,116,834.772134,213.163591,-4.0,-9.0,-0.117647,0.555556,-0.736842,0.666667,-4.0,5.263158
0.76,6,0.2,0,-9.0,954.0403,0.955952,118,739.772134,218.163591,-4.0,-9.0,3.882353,0.555556,-1.0,0.666667,0.0,5.0
0.76,6,0.21,0,-9.0,866.085413,0.867821,119,739.270881,122.424242,-4.0,-9.0,3.882353,0.555556,-1.0,5.428571,0.0,8.52381
0.76,6,0.22,0,-5.454545,881.379785,0.883146,121,739.270881,122.207792,0.545455,-5.454545,2.427807,5.10101,3.545455,5.428571,0.0,8.307359
0.76,8,0.15,0,-9.0,1102.069986,1.104279,111,878.967532,216.991342,10.666667,-9.0,-5.0,-4.0,-2.0,3.666667,-5.0,16.777778
0.76,8,0.16,0,-11.0,1093.784632,1.095977,117,875.709957,216.991342,16.916667,-11.0,-5.0,-4.0,-5.0,2.25,-5.0,11.916667
0.76,8,0.17,0,-11.0,1090.355488,1.092541,122,875.34231,213.782786,16.54902,-11.0,-1.117647,-4.0,-6.0,-0.117647,-5.0,11.916667
0.76,8,0.18,0,-11.0,1099.466599,1.10167,124,874.34231,213.782786,16.54902,-11.0,-1.117647,0.555556,-0.444444,-0.117647,-5.0,11.916667
0.76,8,0.19,0,-5.736842,1094.975285,1.09717,124,867.105468,213.163591,15.929825,-5.736842,-1.117647,0.555556,-0.736842,-0.117647,-5.0,10.929825
0.76,8,0.2,0,-6.0,1011.303458,1.01333,126,772.105468,218.163591,15.929825,-6.0,2.882353,0.555556,-1.0,-1.0,-1.0,10.666667
0.76,8,0.21,0,-6.0,923.586666,0.925438,127,771.604214,122.424242,15.929825,-6.0,2.882353,0.555556,-1.0,3.761905,-1.0,14.428571
0.76,8,0.22,0,-2.454545,943.426493,0.945317,129,771.604214,126.753247,20.475279,-2.454545,1.427807,5.10101,3.545455,3.761905,-1.0,14.212121
0.76,10,0.15,0,-8.0,1204.90515,1.20732,123,982.11039,216.991342,8.666667,-1.307692,-8.0,-5.0,-4.0,3.666667,-5.0,16.777778
0.76,10,0.16,0,-8.0,1184.760823,1.187135,129,978.852814,216.991342,4.5,-4.75,-8.0,-5.0,-7.0,2.25,-5.0,11.916667
0.76,10,0.17,0,-7.0,1187.846384,1.190227,133,978.485167,213.782786,4.132353,0.764706,-4.117647,-5.0,-7.0,-0.117647,-5.0,11.916667
0.76,10,0.18,0,-5.0,1196.630698,1.199029,135,977.485167,213.782786,4.132353,0.437908,-4.117647,-0.444444,-1.444444,-0.117647,-5.0,11.916667
0.76,10,0.19,0,-5.0,1191.227791,1.193615,135,970.248325,213.163591,3.513158,4.789474,-4.117647,-0.444444,-1.736842,-0.117647,-5.0,10.929825
0.76,10,0.2,0,-2.0,1107.819122,1.110039,137,875.248325,218.163591,3.513158,4.789474,-0.117647,-0.444444,-2.0,-1.0,-1.0,10.666667
0.76,10,0.21,0,-2.0,1018.480629,1.020522,138,874.747072,122.424242,3.513158,4.288221,-1.238095,-0.444444,-2.0,3.761905,-1.0,14.428571
0.76,10,0.22,0,-2.909091,1042.64946,1.044739,140,874.747072,126.753247,8.058612,7.833675,-2.909091,4.10101,7.090909,3.761905,-1.0,14.212121
0.76,12,0.15,0,-8.0,1208.016262,1.210437,131,981.11039,216.991342,7.666667,-1.307692,-8.0,-5.0,-5.0,12.777778,-5.0,13.777778
0.76,12,0.16,0,-9.0,1186.871934,1.18925,138,977.852814,216.991342,3.5,-4.75,-9.0,-5.0,-8.0,11.361111,-5.0,8.916667
0.76,12,0.17,0,-8.0,1190.957495,1.193344,141,977.485167,213.782786,3.132353,0.764706,-4.117647,-5.0,-8.0,8.993464,-5.0,8.916667
0.76,12,0.18,0,-5.0,1199.741809,1.202146,143,976.485167,213.782786,3.132353,0.437908,-4.117647,-0.444444,-2.444444,8.993464,-5.0,8.916667
0.76,12,0.19,0,-5.117647,1193.338902,1.19573,144,969.248325,213.163591,2.513158,4.789474,-5.117647,-0.444444,-2.736842,8.993464,-5.0,7.929825
0.76,12,0.2,0,-3.0,1103.819122,1.106031,146,874.248325,218.163591,2.513158,4.789474,-1.117647,-0.444444,-3.0,2.0,-1.0,7.666667
0.76,12,0.21,0,-3.0,1014.480629,1.016514,147,873.747072,122.424242,2.513158,4.288221,-2.238095,-0.444444,-3.0,6.761905,-1.0,11.428571
0.76,12,0.22,0,-3.909091,1038.194915,1.040275,149,873.747072,126.753247,7.058612,7.833675,-3.909091,4.10101,6.090909,6.307359,-1.0,11.212121
0.76,14,0.15,0,-9.0,1193.516262,1.195908,133,969.61039,216.991342,8.666667,-1.307692,-9.0,-5.0,-6.0,12.777778,-6.0,12.777778
0.76,14,0.16,0,-11.0,1166.121934,1.168459,140,966.352814,216.991342,4.5,-11.0,-10.0,-5.0,-9.0,11.361111,-6.0,7.916667
0.76,14,0.17,0,-9.0,1170.575142,1.172921,143,965.985167,213.782786,4.132353,-5.117647,-5.117647,-5.0,-9.0,8.993464,-6.0,7.916667
0.76,14,0.18,0,-6.0,1179.359456,1.181723,145,964.985167,213.782786,4.132353,-5.444444,-5.117647,-0.444444,-3.444444,8.993464,-6.0,7.916667
0.76,14,0.19,0,-6.0,1181.812586,1.184181,145,964.985167,213.163591,3.513158,-0.473684,-5.117647,-0.444444,-3.736842,8.993464,-6.0,6.929825
0.76,14,0.2,0,-4.0,1090.62614,1.092812,147,869.985167,216.496924,3.513158,-0.473684,-1.117647,-0.444444,-4.0,2.0,-2.0,6.666667
0.76,14,0.21,0,-4.0,1001.7889,1.003796,148,869.985167,120.757576,3.513158,-0.974937,-2.238095,-0.444444,-4.0,6.761905,-2.0,10.428571
0.76,14,0.22,0,-3.909091,1025.503185,1.027558,150,869.985167,125.08658,8.058612,2.570517,-3.909091,4.10101,5.090909,6.307359,-2.0,10.212121
0.76,16,0.15,0,-9.0,1186.516262,1.188894,140,968.61039,214.991342,8.666667,-2.307692,-9.0,-6.0,-6.0,12.777778,-8.0,12.777778
0.76,16,0.16,0,-12.0,1159.121934,1.161445,147,965.352814,214.991342,4.5,-12.0,-10.0,-6.0,-9.0,11.361111,-8.0,7.916667
0.76,16,0.17,0,-9.0,1163.575142,1.165907,150,964.985167,211.782786,4.132353,-6.117647,-5.117647,-6.0,-9.0,8.993464,-8.0,7.916667
0.76,16,0.18,0,-8.0,1173.359456,1.175711,151,964.985167,211.782786,4.132353,-6.444444,-5.117647,-1.444444,-3.444444,8.993464,-8.0,7.916667
0.76,16,0.19,0,-8.0,1175.812586,1.178169,151,964.985167,211.163591,3.513158,-1.473684,-5.117647,-1.444444,-3.736842,8.993464,-8.0,6.929825
0.76,16,0.2,0,-4.0,1089.62614,1.09181,153,869.985167,214.496924,3.513158,3.526316,-1.117647,-1.444444,-4.0,2.0,-4.0,6.666667
0.76,16,0.21,0,-4.0,1000.7889,1.002794,154,869.985167,118.757576,3.513158,3.025063,-2.238095,-1.444444,-4.0,6.761905,-4.0,10.428571
0.76,16,0.22,0,-4.0,1019.503185,1.021546,156,869.985167,123.08658,8.058612,1.570517,-3.909091,3.10101,5.090909,6.307359,-4.0,10.212121
0.76,18,0.15,0,-10.0,1172.401543,1.174751,143,953.253247,206.900433,7.666667,-2.307692,-10.0,-7.0,-5.0,17.444444,-1.333333,12.777778
0.76,18,0.16,0,-12.0,1144.173882,1.146467,150,949.995671,206.900433,3.5,-12.0,-11.0,-7.0,-8.0,15.611111,-1.75,7.916667
0.76,18,0.17,0,-8.0,1152.835646,1.155146,152,949.628024,206.900433,3.132353,-6.117647,-6.117647,-7.0,-8.0,14.243464,-1.75,7.916667
0.76,18,0.18,0,-6.444444,1161.925516,1.164254,153,949.628024,206.900433,3.132353,-6.444444,-6.117647,-2.444444,-2.444444,13.54902,-1.75,7.916667
0.76,18,0.19,0,-8.0,1156.575744,1.158894,153,947.748325,206.900433,2.513158,-1.473684,-6.117647,-2.444444,-2.736842,13.256622,-8.0,6.929825
0.76,18,0.2,0,-8.0,1060.862982,1.062989,154,852.485167,205.233766,2.513158,3.526316,-2.117647,-2.444444,-3.0,6.0,-8.0,6.666667
0.76,18,0.21,0,-8.0,972.526995,0.974476,155,852.485167,114.757576,2.513158,3.025063,-3.238095,-2.444444,-3.0,6.0,-8.0,10.428571
0.76,18,0.22,0,-8.0,991.02483,0.993011,157,852.485167,118.87013,7.058612,1.570517,-4.909091,2.10101,6.090909,5.545455,-8.0,10.212121
0.76,20,0.15,0,-10.0,1218.401543,1.220843,147,953.253247,255.900433,6.666667,-3.307692,-10.0,-8.0,-5.0,17.444444,-1.333333,12.777778
0.76,20,0.16,0,-13.0,1190.173882,1.192559,154,949.995671,255.900433,2.5,-13.0,-11.0,-8.0,-8.0,15.611111,-1.75,7.916667
0.76,20,0.17,0,-8.0,1198.835646,1.201238,156,949.628024,255.900433,2.132353,-7.117647,-6.117647,-8.0,-8.0,14.243464,-1.75,7.916667
0.76,20,0.18,0,-7.444444,1207.925516,1.210346,157,949.628024,255.900433,2.132353,-7.444444,-6.117647,-3.444444,-2.444444,13.54902,-1.75,7.916667
0.76,20,0.19,0,-8.0,1202.575744,1.204986,157,947.748325,255.900433,1.513158,-2.473684,-6.117647,-3.444444,-2.736842,13.256622,-8.0,6.929825
0.76,20,0.2,0,-8.0,1106.862982,1.109081,158,852.485167,254.233766,1.513158,2.526316,-2.117647,-3.444444,-3.0,6.0,-8.0,6.666667
0.76,20,0.21,0,-8.0,1013.76509,1.015797,159,852.485167,158.995671,1.513158,2.025063,-3.238095,-3.444444,-3.0,6.0,-8.0,10.428571
0.76,20,0.22,0,-8.0,1037.02483,1.039103,161,852.485167,163.324675,6.058612,5.115972,-4.909091,1.10101,6.090909,5.545455,-8.0,10.212121
0.76,22,0.15,0,-8.0,1228.211067,1.230672,151,953.253247,262.04329,5.666667,-3.307692,-4.333333,-8.0,-5.0,17.444444,-1.333333,11.777778
0.76,22,0.16,0,-13.0,1198.673882,1.201076,158,949.995671,261.150433,1.5,-13.0,-5.75,-8.0,-8.0,15.611111,-1.75,6.916667
0.76,22,0.17,0,-8.0,1206.967999,1.209387,160,949.628024,261.150433,1.132353,-7.117647,-1.235294,-8.0,-8.0,14.243464,-1.75,6.916667
0.76,22,0.18,0,-7.444444,1209.807869,1.212232,161,949.628024,261.150433,1.132353,-7.444444,-1.235294,-3.444444,-2.444444,13.54902,-1.75,0.666667
0.76,22,0.19,0,-8.0,1205.444939,1.207861,161,947.748325,261.150433,0.513158,-2.473684,-1.235294,-3.444444,-2.736842,13.256622,-8.0,0.666667
0.76,22,0.2,0,-8.0,1107.862982,1.110083,162,852.485167,258.233766,0.513158,2.526316,1.882353,-3.444444,-3.0,6.0,-8.0,0.666667
0.76,22,0.21,0,-8.0,1024.050804,1.026103,163,852.485167,162.995671,0.513158,2.025063,10.047619,-3.444444,-3.0,6.0,-8.0,4.428571
0.76,22,0.22,0,-8.0,1032.115739,1.034184,165,852.485167,162.324675,5.058612,5.115972,-1.363636,1.10101,6.090909,5.090909,-8.0,4.212121
0.78,6,0.15,0,-8.0,1048.712843,1.050814,109,841.277056,216.991342,-4.0,-8.0,-5.0,-4.0,-4.0,2.666667,-4.0,16.777778
0.78,6,0.16,0,-10.0,1033.177489,1.035248,116,838.019481,216.991342,-4.0,-10.0,-6.0,-4.0,-7.0,1.25,-4.0,11.916667
0.78,6,0.17,0,-10.0,1036.998345,1.039076,120,837.651833,213.782786,-4.0,-10.0,-1.117647,1.882353,-8.0,-1.117647,-4.0,11.916667
0.78,6,0.18,0,-10.0,1046.109456,1.048206,122,836.651833,213.782786,-4.0,-10.0,-1.117647,6.437908,-2.444444,-1.117647,-4.0,11.916667
0.78,6,0.19,0,-4.736842,1049.474179,1.051577,122,836.651833,213.163591,-4.0,-4.736842,-1.117647,6.437908,-2.736842,-1.117647,-4.0,10.929825
0.78,6,0.2,0,-6.0,962.872528,0.964802,125,741.651833,211.233766,-4.0,-6.0,2.882353,6.437908,-3.0,-2.0,0.0,15.666667
0.78,6,0.21,0,-6.0,876.158242,0.877914,126,741.651833,115.995671,-4.0,-6.0,2.882353,6.437908,-3.0,2.761905,0.0,19.428571
0.78,6,0.22,0,-2.454545,881.994504,0.883762,129,741.651833,120.324675,0.545455,-2.454545,1.427807,5.10101,1.545455,1.761905,4.545455,7.545455
0.78,8,0.15,0,-10.0,1094.212843,1.096406,116,873.61039,217.991342,10.666667,-10.0,-6.0,-5.0,-5.0,2.666667,-4.0,19.277778
0.78,8,0.16,0,-12.0,1084.927489,1.087102,123,870.352814,217.991342,16.916667,-12.0,-7.0,-5.0,-8.0,1.25,-4.0,14.416667
0.78,8,0.17,0,-12.0,1088.380698,1.090562,127,869.985167,214.782786,16.54902,-12.0,-2.117647,0.882353,-9.0,-1.117647,-4.0,14.416667
0.78,8,0.18,0,-12.0,1097.491809,1.099691,129,868.985167,214.782786,16.54902,-12.0,-2.117647,5.437908,-3.444444,-1.117647,-4.0,14.416667
0.78,8,0.19,0,-6.736842,1100.237337,1.102442,129,868.985167,214.163591,15.929825,-6.736842,-2.117647,5.437908,-3.736842,-1.117647,-4.0,13.429825
0.78,8,0.2,0,-8.0,1013.635686,1.015667,132,773.985167,212.233766,15.929825,-8.0,1.882353,5.437908,-4.0,-2.0,0.0,18.166667
0.78,8,0.21,0,-8.0,930.562857,0.932428,133,773.985167,116.995671,15.929825,-8.0,5.52381,5.437908,-4.0,2.761905,0.0,21.928571
0.78,8,0.22,0,-4.454545,931.420763,0.933287,136,773.985167,121.324675,20.475279,-4.454545,-0.909091,4.10101,0.545455,1.761905,4.545455,10.045455
0.78,10,0.15,0,-8.0,1189.90515,1.19229,128,970.61039,216.991342,8.666667,-2.307692,-8.0,-5.0,-6.0,1.666667,-6.0,19.277778
0.78,10,0.16,0,-12.0,1162.510823,1.164841,135,967.352814,216.991342,4.5,-12.0,-9.0,-5.0,-9.0,0.25,-6.0,14.416667
0.78,10,0.17,0,-9.0,1172.846384,1.175197,138,966.985167,213.782786,4.132353,-6.117647,-4.117647,0.882353,-9.0,-2.117647,-6.0,14.416667
0.78,10,0.18,0,-6.0,1186.186253,1.188563,141,965.985167,213.782786,4.132353,-1.888889,-4.117647,5.437908,-3.444444,-2.117647,-6.0,14.416667
0.78,10,0.19,0,-6.0,1183.376226,1.185748,141,965.985167,213.163591,3.513158,-2.181287,-4.117647,5.437908,-3.736842,-2.117647,-6.0,13.429825
0.78,10,0.2,0,-4.0,1097.037732,1.099236,144,870.985167,211.233766,3.513158,-3.181287,-0.117647,5.437908,-4.0,-3.0,-2.0,18.166667
0.78,10,0.21,0,-4.0,1013.171253,1.015202,145,870.985167,115.995671,3.513158,-3.974937,3.52381,5.437908,-4.0,1.761905,-2.0,21.928571
0.78,10,0.22,0,-3.974937,1015.029159,1.017063,147,870.985167,120.324675,8.058612,-3.974937,-2.909091,4.10101,5.090909,0.761905,2.545455,10.045455
0.78,12,0.15,0,-7.0,1200.682928,1.203089,135,969.61039,216.991342,8.666667,-1.307692,-4.333333,-5.0,-7.0,12.777778,-6.0,16.277778
0.78,12,0.16,0,-11.0,1179.5386,1.181902,142,966.352814,216.991342,4.5,-11.0,-5.333333,-5.0,-10.0,11.361111,-6.0,17.666667
0.78,12,0.17,0,-10.0,1189.506515,1.19189,145,965.985167,213.782786,4.132353,-5.117647,-0.45098,0.882353,-10.0,8.993464,-6.0,17.29902
0.78,12,0.18,0,-6.0,1196.596384,1.198994,148,964.985167,213.782786,4.132353,-0.888889,-0.45098,5.437908,-4.444444,8.993464,-6.0,11.04902
0.78,12,0.19,0,-6.0,1192.36969,1.194759,149,964.985167,213.163591,3.513158,-1.181287,-2.854489,5.437908,-4.736842,8.993464,-6.0,11.04902
0.78,12,0.2,0,-5.0,1100.920085,1.103126,151,869.985167,216.233766,3.513158,-2.181287,-3.117647,5.437908,-5.0,2.0,-2.0,16.04902
0.78,12,0.21,0,-5.0,1017.053605,1.019092,152,869.985167,120.995671,3.513158,-2.974937,0.52381,5.437908,-5.0,6.761905,-2.0,19.810924
0.78,12,0.22,0,-5.454545,1018.029159,1.020069,154,869.985167,125.324675,3.513158,-2.974937,-5.454545,4.10101,4.090909,5.307359,2.545455,11.590909
0.78,14,0.15,0,-8.0,1189.592019,1.191976,137,969.61039,208.900433,8.666667,-1.307692,-5.333333,-5.0,-8.0,12.777778,-6.0,15.277778
0.78,14,0.16,0,-11.0,1168.447691,1.170789,144,966.352814,208.900433,4.5,-11.0,-6.333333,-5.0,-11.0,11.361111,-6.0,16.666667
0.78,14,0.17,0,-11.0,1181.624162,1.183992,147,965.985167,208.900433,4.132353,-5.117647,-1.45098,0.882353,-11.0,8.993464,-6.0,16.29902
0.78,14,0.18,0,-6.0,1188.714031,1.191096,150,964.985167,208.900433,4.132353,-0.888889,-1.45098,5.437908,-5.444444,8.993464,-6.0,10.04902
0.78,14,0.19,0,-6.0,1186.106532,1.188483,150,964.985167,208.900433,3.513158,-1.181287,-2.854489,5.437908,-5.736842,8.993464,-6.0,10.04902
0.78,14,0.2,0,-6.0,1094.920085,1.097114,152,869.985167,212.233766,3.513158,-2.181287,-3.117647,5.437908,-6.0,2.0,-2.0,15.04902
0.78,14,0.21,0,-6.0,1011.053605,1.01308,153,869.985167,116.995671,3.513158,-2.974937,0.52381,5.437908,-6.0,6.761905,-2.0,18.810924
0.78,14,0.22,0,-5.454545,1012.029159,1.014057,155,869.985167,121.324675,3.513158,-2.974937,-5.454545,4.10101,3.090909,5.307359,2.545455,10.590909
0.78,16,0.15,0,-8.0,1174.901543,1.177256,143,965.753247,206.900433,8.666667,-2.307692,0.333333,-6.0,-8.0,12.777778,-7.0,3.777778
0.78,16,0.16,0,-12.0,1153.340548,1.155652,150,962.495671,206.900433,4.5,-12.0,-1.083333,-6.0,-11.0,11.361111,-7.0,5.166667
0.78,16,0.17,0,-11.0,1165.365058,1.1677,153,962.128024,206.900433,4.132353,-6.117647,3.431373,-0.117647,-11.0,8.993464,-7.0,4.014706
0.78,16,0.18,0,-7.0,1173.454927,1.175807,155,962.128024,206.900433,4.132353,-1.888889,3.431373,4.437908,-5.444444,8.993464,-7.0,-2.235294
0.78,16,0.19,0,-7.0,1168.967729,1.17131,155,960.248325,206.900433,3.513158,-2.181287,2.027864,4.437908,-5.736842,8.993464,-7.0,-2.235294
0.78,16,0.2,0,-6.0,1075.753419,1.077909,157,864.985167,210.233766,3.513158,1.818713,0.882353,4.437908,-6.0,2.0,-3.0,-3.117647
0.78,16,0.21,0,-6.0,991.648844,0.993636,158,864.985167,114.995671,3.513158,1.025063,4.285714,4.437908,-6.0,6.761905,-3.0,0.644258
0.78,16,0.22,0,-6.454545,989.529159,0.991512,160,864.985167,119.324675,3.513158,-3.974937,-6.454545,3.10101,3.090909,5.307359,1.545455,-0.909091
0.78,18,0.15,0,-7.0,1171.211067,1.173558,148,953.253247,206.900433,7.666667,-1.307692,-0.190476,-7.0,-7.0,17.444444,-1.333333,2.777778
0.78,18,0.16,0,-11.0,1154.173882,1.156487,155,949.995671,206.900433,3.5,-11.0,-2.5,-0.75,-10.0,15.611111,-1.75,4.166667
0.78,18,0.17,0,-10.0,1167.198391,1.169537,157,949.628024,206.900433,3.132353,-5.117647,2.014706,5.132353,-10.0,14.243464,-1.75,3.014706
0.78,18,0.18,0,-4.444444,1174.593816,1.176948,159,949.628024,206.900433,3.132353,-0.888889,2.014706,9.687908,-4.444444,13.54902,-1.75,-3.235294
0.78,18,0.19,0,-8.0,1164.967729,1.167302,159,947.748325,206.900433,2.513158,-1.181287,2.014706,9.687908,-4.736842,13.256622,-8.0,-3.235294
0.78,18,0.2,0,-8.0,1062.753419,1.064883,160,852.485167,205.233766,2.513158,2.818713,1.132353,9.687908,-5.0,6.0,-8.0,-4.117647
0.78,18,0.21,0,-8.0,977.160748,0.979119,161,852.485167,114.757576,2.513158,2.025063,4.535714,8.199813,-5.0,6.0,-8.0,-0.355742
0.78,18,0.22,0,-3.454545,988.133875,0.990114,163,852.485167,118.87013,7.058612,-2.974937,-1.659091,6.862915,4.090909,8.763806,-3.454545,-1.909091
0.78,20,0.15,0,-8.0,1239.778166,1.242263,154,953.253247,263.04329,6.666667,5.783217,-0.190476,-8.0,0.333333,17.444444,-1.333333,2.777778
0.78,20,0.16,0,-6.75,1220.007215,1.222452,160,949.995671,262.150433,2.5,-6.75,-2.5,-1.75,-1.666667,15.611111,-1.75,4.166667
0.78,20,0.17,0,-4.117647,1225.351986,1.227808,162,949.628024,262.150433,2.132353,-0.867647,2.014706,4.132353,-4.117647,3.132353,4.132353,3.014706
0.78,20,0.18,0,-3.235294,1227.170614,1.22963,163,949.628024,262.150433,2.132353,-1.888889,2.014706,8.687908,1.437908,2.437908,3.805556,-3.235294
0.78,20,0.19,0,-3.235294,1217.836924,1.220277,163,947.748325,262.150433,1.513158,-2.181287,2.014706,8.687908,1.145511,2.437908,-2.444444,-3.235294
0.78,20,0.2,0,-4.117647,1120.191327,1.122436,164,852.485167,259.233766,1.513158,1.818713,1.132353,8.687908,0.882353,1.555556,-3.0,-4.117647
0.78,20,0.21,0,-3.0,1035.392308,1.037467,165,852.485167,163.995671,6.275063,1.818713,4.535714,7.199813,0.882353,1.555556,-3.0,-0.355742
0.78,20,0.22,0,-3.181287,1050.028536,1.052133,167,852.485167,163.324675,15.149522,-3.181287,-1.659091,10.408369,8.636364,5.228453,1.545455,-1.909091
0.78,22,0.15,0,-8.0,1232.444833,1.234915,153,947.11039,262.04329,7.666667,5.783217,-1.190476,-8.0,-0.857143,18.444444,-1.333333,2.777778
0.78,22,0.16,0,-5.75,1212.781025,1.215211,158,943.852814,261.150433,3.5,-5.75,-3.5,-1.75,-3.75,16.611111,-1.75,4.166667
0.78,22,0.17,0,-3.75,1220.576776,1.223023,160,943.485167,261.150433,3.132353,0.132353,1.014706,4.132353,-3.75,4.132353,4.132353,3.014706
0.78,22,0.18,0,-3.235294,1222.395404,1.224845,161,943.485167,261.150433,3.132353,-0.888889,1.014706,8.687908,1.805556,3.437908,3.805556,-3.235294
0.78,22,0.19,0,-3.235294,1214.941413,1.217376,161,943.485167,261.150433,2.513158,-1.181287,1.014706,8.687908,1.513158,3.437908,-2.444444,-3.235294
0.78,22,0.2,0,-4.117647,1116.308974,1.118546,162,848.485167,258.233766,2.513158,2.818713,0.132353,8.687908,0.0,2.555556,-3.0,-4.117647
0.78,22,0.21,0,-3.0,1031.271859,1.033339,163,848.485167,162.995671,2.513158,2.818713,8.297619,7.199813,-0.238095,2.555556,-3.0,-0.355742
0.78,22,0.22,0,-2.181287,1047.244986,1.049344,165,848.485167,162.324675,11.604067,-2.181287,1.886364,10.408369,8.852814,6.228453,1.545455,-1.909091
0.8,6,0.15,0,-5.0,958.925352,0.960847,111,831.186147,117.991342,-4.0,-2.307692,-5.0,-4.0,-4.0,13.777778,-4.0,19.277778
0.8,6,0.16,0,-12.0,951.0386,0.952944,118,830.769481,117.991342,2.25,-12.0,-6.0,2.25,-7.0,12.361111,-4.0,14.416667
0.8,6,0.17,0,-12.0,954.124162,0.956036,122,830.401833,114.782786,1.882353,-12.0,-1.117647,7.764706,-8.0,9.993464,-4.0,14.416667
0.8,6,0.18,0,-7.444444,967.096384,0.969034,125,829.401833,114.782786,1.882353,-7.444444,4.437908,12.320261,-2.444444,9.993464,-4.0,8.166667
0.8,6,0.19,0,-4.0,984.618228,0.986591,127,829.401833,114.163591,1.263158,-2.181287,7.701066,12.320261,7.789474,9.993464,-4.0,8.166667
0.8,6,0.2,0,-3.444444,896.476747,0.898273,131,734.401833,120.090909,1.263158,-3.444444,7.701066,11.437908,7.526316,2.0,5.0,10.5
0.8,6,0.21,0,-4.238095,902.848362,0.904658,132,734.401833,120.090909,1.263158,-4.238095,6.580618,11.199813,7.526316,6.761905,8.761905,10.5
0.8,6,0.22,0,-4.238095,910.484726,0.912309,133,734.401833,124.636364,1.263158,-4.238095,5.580618,11.199813,7.526316,6.307359,13.307359,10.5
0.8,8,0.15,0,-7.0,1000.925352,1.002931,119,863.519481,117.991342,9.666667,-2.307692,-7.0,-5.0,-5.0,13.777778,-4.0,19.277778
0.8,8,0.16,0,-12.0,982.621934,0.984591,126,863.102814,117.991342,5.5,-12.0,-8.0,1.25,-8.0,12.361111,-4.0,14.416667
0.8,8,0.17,0,-9.0,996.472201,0.998469,131,862.735167,114.782786,5.132353,-6.117647,1.764706,6.764706,-9.0,9.993464,-4.0,14.416667
0.8,8,0.18,0,-4.0,1009.117626,1.01114,134,861.735167,114.782786,5.132353,-1.888889,7.320261,11.320261,-3.444444,9.993464,-4.0,8.166667
0.8,8,0.19,0,-4.0,1015.820756,1.017856,136,861.735167,114.163591,4.513158,-2.181287,5.320261,11.320261,6.789474,9.993464,-4.0,8.166667
0.8,8,0.2,0,-8.444444,921.796922,0.923644,140,766.735167,120.090909,4.513158,-8.444444,4.437908,10.437908,6.526316,2.0,5.0,10.5
0.8,8,0.21,0,-9.238095,926.680442,0.928538,141,766.735167,120.090909,3.025063,-9.238095,3.31746,10.199813,6.526316,6.761905,8.761905,10.5
0.8,8,0.22,0,-9.238095,938.407715,0.940288,142,766.735167,124.636364,7.570517,-9.238095,1.862915,10.199813,6.526316,6.307359,13.307359,10.5
0.8,10,0.15,0,-7.0,1096.592019,1.09879,130,960.519481,117.991342,8.666667,-2.307692,-3.333333,-5.0,-7.0,13.777778,-6.0,19.277778
0.8,10,0.16,0,-12.0,1078.2886,1.080449,137,960.102814,117.991342,4.5,-12.0,-4.333333,1.25,-10.0,12.361111,-6.0,14.416667
0.8,10,0.17,0,-10.0,1088.256515,1.090437,140,959.735167,114.782786,4.132353,-6.117647,0.54902,6.764706,-10.0,9.993464,-6.0,14.416667
0.8,10,0.18,0,-6.0,1100.90194,1.103108,143,958.735167,114.782786,4.132353,-1.888889,6.104575,11.320261,-4.444444,9.993464,-6.0,8.166667
0.8,10,0.19,0,-6.0,1106.201561,1.108418,145,958.735167,114.163591,3.513158,-2.181287,2.701066,11.320261,5.789474,9.993464,-6.0,8.166667
0.8,10,0.2,0,-8.444444,1007.796922,1.009817,149,863.735167,115.090909,3.513158,-8.444444,2.437908,10.437908,5.526316,2.0,3.0,10.5
0.8,10,0.21,0,-9.238095,1012.442347,1.014471,150,863.735167,115.090909,2.025063,-9.238095,1.079365,10.199813,5.526316,6.761905,6.761905,10.5
0.8,10,0.22,0,-9.238095,1029.16962,1.031232,151,863.735167,119.636364,6.570517,-9.238095,0.079365,10.199813,10.07177,6.307359,11.307359,10.5
0.8,12,0.15,0,-8.0,1067.810634,1.069951,136,958.519481,122.709957,-0.666667,-1.307692,-4.333333,-5.0,-8.0,13.777778,-7.0,-0.888889
0.8,12,0.16,0,-11.0,1064.864358,1.066998,143,958.102814,121.400433,5.583333,-11.0,-5.333333,1.25,-11.0,12.361111,-7.0,0.5
0.8,12,0.17,0,-11.0,1077.305534,1.079464,146,957.735167,121.032786,5.215686,-5.117647,-0.45098,6.764706,-11.0,9.993464,-7.0,0.132353
0.8,12,0.18,0,-7.0,1090.950959,1.093137,148,957.735167,121.032786,5.215686,-0.888889,5.104575,11.320261,-5.444444,9.993464,-7.0,-6.117647
0.8,12,0.19,0,-7.0,1096.250581,1.098447,150,957.735167,120.413591,4.596491,-1.181287,1.701066,11.320261,4.789474,9.993464,-7.0,-6.117647
0.8,12,0.2,0,-7.444444,1000.192433,1.002197,154,862.735167,120.354067,1.263158,-7.444444,1.437908,10.437908,4.526316,2.0,2.0,2.882353
0.8,12,0.21,0,-8.238095,1005.8247,1.00784,155,862.735167,119.852814,1.263158,-8.238095,0.079365,10.199813,4.526316,6.761905,5.761905,2.882353
0.8,12,0.22,0,-8.238095,1011.66962,1.013697,156,862.735167,119.398268,1.263158,-8.238095,-0.920635,10.199813,9.07177,6.307359,10.307359,1.545455
0.8,14,0.15,0,-8.0,1060.336275,1.062461,137,946.019481,117.04329,-2.333333,-1.307692,2.358974,-5.0,-8.0,19.444444,-7.0,-0.888889
0.8,14,0.16,0,-11.0,1057.556666,1.059676,143,945.602814,116.150433,3.5,-11.0,0.942308,1.25,-10.0,17.611111,-7.0,0.5
0.8,14,0.17,0,-10.0,1075.512548,1.077668,146,945.235167,122.032786,2.764706,-5.117647,4.457014,6.764706,-10.0,16.243464,-7.0,0.132353
0.8,14,0.18,0,-7.0,1087.809934,1.08999,148,945.235167,121.705988,2.437908,-0.888889,10.012569,11.320261,-4.444444,15.54902,-7.0,-6.117647
0.8,14,0.19,0,-7.0,1097.132259,1.099331,148,945.235167,121.705988,1.818713,-1.181287,10.012569,11.320261,5.789474,15.54902,-7.0,-6.117647
0.8,14,0.2,0,-7.444444,993.232694,0.995223,152,850.235167,116.090909,1.818713,-7.444444,4.130216,10.437908,5.526316,7.555556,2.0,2.882353
0.8,14,0.21,0,-8.238095,994.842404,0.996836,153,850.235167,116.090909,1.818713,-8.238095,3.009768,10.199813,5.526316,7.555556,5.761905,2.882353
0.8,14,0.22,0,-8.238095,1000.687324,1.002693,154,850.235167,115.636364,1.818713,-8.238095,2.009768,10.199813,10.07177,7.10101,10.307359,1.545455
0.8,16,0.15,0,-8.0,1102.002942,1.104211,142,937.019481,165.04329,-2.333333,-2.307692,1.358974,-5.0,-8.0,19.444444,-2.333333,-0.888889
0.8,16,0.16,0,-12.0,1098.806666,1.101009,148,936.602814,164.150433,3.5,-12.0,-0.057692,1.25,-10.0,17.611111,-2.75,0.5
0.8,16,0.17,0,-10.0,1116.762548,1.119001,151,936.235167,170.032786,2.764706,-6.117647,3.457014,6.764706,-10.0,16.243464,-2.75,0.132353
0.8,16,0.18,0,-6.117647,1124.504378,1.126758,152,936.235167,169.705988,2.437908,-1.888889,9.012569,6.764706,-4.444444,15.54902,-2.75,-6.117647
0.8,16,0.19,0,-9.0,1127.576703,1.129836,152,936.235167,169.705988,1.818713,-2.181287,9.012569,6.764706,5.789474,15.54902,-9.0,-6.117647
0.8,16,0.2,0,-4.0,1024.677138,1.026731,155,841.235167,164.090909,1.818713,-3.444444,3.130216,5.882353,5.526316,7.555556,-4.0,2.882353
0.8,16,0.21,0,-4.238095,1022.524944,1.024574,155,841.235167,164.090909,1.818713,-4.238095,2.009768,5.644258,5.526316,7.555556,-4.0,2.882353
0.8,16,0.22,0,-9.238095,1023.369864,1.025421,156,841.235167,163.636364,1.818713,-9.238095,1.009768,5.644258,10.07177,7.10101,0.545455,1.545455
0.8,18,0.15,0,-6.0,1115.002942,1.117237,144,937.019481,166.04329,3.333333,-1.307692,1.358974,-6.0,-0.666667,18.444444,-1.333333,-1.888889
0.8,18,0.16,0,-10.0,1107.556666,1.109776,148,936.602814,165.150433,2.916667,-10.0,-0.057692,0.25,-1.666667,16.611111,-1.75,-0.5
0.8,18,0.17,0,-4.117647,1124.429215,1.126683,150,936.235167,171.032786,2.54902,-4.117647,4.457014,5.764706,-4.117647,15.243464,-1.75,-0.867647
0.8,18,0.18,0,-1.75,1136.615489,1.138893,151,936.235167,170.705988,1.111111,0.111111,10.012569,5.764706,1.437908,14.54902,-1.75,-1.562092
0.8,18,0.19,0,-8.0,1140.30701,1.142592,151,936.235167,170.705988,6.374269,-0.181287,10.012569,5.764706,6.408669,14.54902,-8.0,-1.562092
0.8,18,0.2,0,-3.0,1036.851889,1.03893,154,841.235167,160.090909,5.555556,-1.444444,9.130216,4.882353,6.408669,6.555556,-3.0,7.437908
0.8,18,0.21,0,-3.0,1034.699695,1.036773,154,841.235167,160.090909,5.555556,-2.238095,8.009768,4.644258,6.408669,6.555556,-3.0,7.437908
0.8,18,0.22,0,-7.238095,1043.426068,1.045517,155,841.235167,159.636364,5.555556,-7.238095,7.009768,9.189712,9.617225,10.773907,1.545455,6.10101
0.8,20,0.15,0,-6.0,1114.45893,1.116692,148,937.019481,165.04329,3.333333,5.783217,1.358974,-6.0,-1.857143,7.333333,-1.333333,3.777778
0.8,20,0.16,0,-4.75,1105.278888,1.107494,150,936.602814,164.150433,2.916667,-4.75,-0.057692,0.25,-2.75,5.5,-1.75,5.166667
0.8,20,0.17,0,-4.75,1117.935751,1.120176,152,936.235167,170.032786,2.54902,-4.75,4.457014,5.764706,-2.75,4.132353,-1.75,4.014706
0.8,20,0.18,0,-5.444444,1130.427581,1.132693,152,936.235167,169.705988,6.666667,-5.444444,10.012569,5.764706,2.805556,3.437908,-1.75,2.993464
0.8,20,0.19,0,-8.0,1127.268642,1.129528,152,936.235167,167.826289,11.929825,-5.444444,10.012569,5.764706,2.513158,3.437908,-8.0,2.993464
0.8,20,0.2,0,-3.0,1035.261934,1.037337,155,841.235167,159.090909,10.555556,-1.444444,9.130216,4.882353,1.263158,1.555556,-3.0,11.993464
0.8,20,0.21,0,-3.0,1033.4272,1.035498,155,841.235167,159.090909,10.31746,-1.444444,8.009768,4.644258,1.025063,1.555556,-3.0,11.993464
0.8,20,0.22,0,-6.444444,1043.945017,1.046037,156,841.235167,158.636364,10.31746,-6.444444,7.009768,9.189712,5.570517,6.228453,1.545455,10.656566
0.8,22,0.15,0,-6.0,1113.45893,1.11569,149,937.019481,163.04329,3.333333,6.783217,0.358974,-6.0,-1.857143,7.333333,-0.333333,3.777778
0.8,22,0.16,0,-3.75,1104.278888,1.106492,151,936.602814,162.150433,2.916667,-3.75,-1.057692,0.25,-2.75,5.5,-0.75,5.166667
0.8,22,0.17,0,-3.75,1116.935751,1.119174,153,936.235167,168.032786,2.54902,-3.75,3.457014,5.764706,-2.75,4.132353,-0.75,4.014706
0.8,22,0.18,0,-0.75,1134.983136,1.137258,153,936.235167,167.705988,6.666667,1.111111,9.012569,5.764706,2.805556,3.437908,-0.75,2.993464
0.8,22,0.19,0,-7.0,1131.531799,1.133799,153,936.235167,165.826289,11.929825,0.818713,9.012569,5.764706,2.513158,3.437908,-7.0,2.993464
0.8,22,0.2,0,-2.0,1039.261934,1.041345,156,841.235167,157.090909,10.555556,4.555556,8.130216,4.882353,1.263158,1.555556,-2.0,11.993464
0.8,22,0.21,0,-2.0,1037.4272,1.039506,156,841.235167,157.090909,10.31746,4.555556,7.009768,4.644258,1.025063,1.555556,-2.0,11.993464
0.8,22,0.22,0,-0.444444,1047.945017,1.050045,157,841.235167,156.636364,10.31746,-0.444444,6.009768,9.189712,5.570517,6.228453,2.545455,10.656566
0.82,6,0.15,0,-5.0,965.258686,0.967193,118,830.186147,115.5671,-5.0,-2.307692,-0.333333,-4.0,-4.0,19.868687,-5.0,20.277778
0.82,6,0.16,0,-12.0,965.205267,0.96714,123,829.769481,115.150433,1.25,-12.0,4.916667,2.25,-6.0,19.45202,1.25,9.166667
0.82,6,0.17,0,-12.0,976.466705,0.978424,127,828.401833,120.665139,0.882353,-12.0,9.014706,8.132353,-6.0,12.855615,1.25,13.264706
0.82,6,0.18,0,-7.444444,984.871233,0.986845,132,828.401833,118.75104,-0.117647,-7.444444,7.320261,12.361111,-0.444444,12.855615,1.25,11.937908
0.82,6,0.19,0,-7.444444,995.218327,0.997213,135,828.401833,117.839447,-0.736842,-7.444444,6.320261,12.361111,4.526316,11.855615,10.776316,11.318713
0.82,6,0.2,0,-8.444444,905.850594,0.907666,136,733.401833,116.17278,-0.736842,-8.444444,6.320261,12.361111,4.263158,10.973262,15.776316,15.763158
0.82,6,0.21,0,-9.238095,911.720956,0.913548,137,733.401833,115.671527,-0.736842,-9.238095,5.199813,12.361111,4.263158,15.735167,19.300125,15.763158
0.82,6,0.22,0,-4.692641,919.811865,0.921655,138,733.401833,120.216982,-0.736842,-4.692641,4.199813,12.361111,4.263158,15.735167,19.300125,15.763158
0.82,8,0.15,0,-7.0,992.784327,0.994774,129,862.519481,115.5671,9.666667,-2.307692,-3.307692,-5.0,-7.0,19.868687,-6.0,8.777778
0.82,8,0.16,0,-12.0,983.314241,0.985285,133,862.102814,115.150433,5.5,-12.0,1.942308,1.25,-8.0,19.45202,0.25,-2.333333
0.82,8,0.17,0,-12.0,995.359993,0.997355,137,860.735167,120.665139,5.132353,-12.0,6.824661,7.132353,-8.0,12.855615,0.25,1.764706
0.82,8,0.18,0,-7.444444,1004.764521,1.006778,141,860.735167,118.75104,4.132353,-7.444444,6.130216,11.361111,-2.444444,12.855615,0.25,0.437908
0.82,8,0.19,0,-7.444444,1016.111615,1.018148,143,860.735167,117.839447,3.513158,-7.444444,6.130216,11.361111,2.526316,11.855615,9.776316,-0.181287
0.82,8,0.2,0,-8.444444,926.743882,0.928601,144,765.735167,116.17278,3.513158,-8.444444,6.130216,11.361111,2.263158,10.973262,14.776316,4.263158
0.82,8,0.21,0,-9.238095,931.126149,0.932992,145,765.735167,115.671527,2.025063,-9.238095,5.009768,11.361111,2.263158,15.735167,18.300125,4.263158
0.82,8,0.22,0,-4.692641,943.762512,0.945654,146,765.735167,120.216982,2.025063,-4.692641,4.009768,11.361111,6.808612,15.735167,18.300125,4.263158
0.82,10,0.15,0,-8.0,1074.092019,1.076245,130,959.519481,115.5671,-0.333333,-8.0,-4.307692,-5.0,-7.0,20.868687,-6.0,8.777778
0.82,10,0.16,0,-10.0,1082.314241,1.084483,134,959.102814,115.150433,5.5,-10.0,0.942308,1.25,-8.0,20.45202,0.25,-2.333333
0.82,10,0.17,0,-10.0,1095.359993,1.097555,137,958.735167,120.665139,5.132353,-10.0,5.824661,7.132353,-8.0,13.855615,0.25,1.764706
0.82,10,0.18,0,-5.444444,1104.070077,1.106283,141,958.735167,118.75104,3.437908,-5.444444,5.130216,11.361111,-2.444444,13.855615,0.25,0.437908
0.82,10,0.19,0,-5.444444,1115.41717,1.117652,143,958.735167,117.839447,2.818713,-5.444444,5.130216,11.361111,2.526316,12.855615,9.776316,-0.181287
0.82,10,0.2,0,-6.444444,1026.049437,1.028106,144,863.735167,116.17278,2.818713,-6.444444,5.130216,11.361111,2.263158,11.973262,14.776316,4.263158
0.82,10,0.21,0,-7.238095,1031.919799,1.033988,145,863.735167,115.671527,2.818713,-7.238095,4.009768,11.361111,2.263158,16.735167,18.300125,4.263158
0.82,10,0.22,0,-2.692641,1044.556163,1.046649,146,863.735167,120.216982,2.818713,-2.692641,3.009768,11.361111,6.808612,16.735167,18.300125,4.263158
0.82,12,0.15,0,-8.0,1085.901543,1.088078,137,948.519481,122.709957,1.333333,-8.0,-5.307692,0.666667,-7.0,26.535354,-0.333333,6.777778
0.82,12,0.16,0,-10.0,1099.183668,1.101386,141,954.472241,121.400433,7.583333,-10.0,-0.057692,6.916667,-8.0,25.70202,-0.75,1.916667
0.82,12,0.17,0,-10.0,1112.861773,1.115092,143,954.104594,126.915139,7.215686,-10.0,4.824661,12.79902,-8.0,20.105615,-0.75,5.647059
0.82,12,0.18,0,-2.444444,1124.349634,1.126603,147,954.104594,125.00104,3.437908,0.111111,4.130216,17.027778,-2.444444,19.411171,-0.75,4.320261
0.82,12,0.19,1,2.526316,1129.445266,1.131709,148,954.104594,124.089447,2.818713,5.081871,4.130216,10.361111,2.526316,18.118773,4.513158,3.701066
0.82,12,0.2,1,2.263158,1037.666439,1.039746,149,857.9435,121.17278,2.818713,4.081871,4.130216,10.361111,2.263158,17.23642,9.513158,8.145511
0.82,12,0.21,1,2.263158,1038.774897,1.040857,150,857.9435,120.671527,2.818713,3.288221,3.009768,10.361111,2.263158,17.23642,13.036967,8.145511
0.82,12,0.22,1,2.009768,1045.074362,1.047169,151,857.9435,120.216982,2.818713,7.833675,2.009768,10.361111,6.808612,17.23642,13.036967,6.808612
0.82,14,0.15,0,-8.0,1069.734876,1.071879,139,936.019481,116.04329,-0.333333,-8.0,1.358974,0.666667,-8.0,26.535354,-0.333333,5.777778
0.82,14,0.16,0,-10.0,1082.600335,1.08477,143,941.972241,115.150433,5.5,-10.0,6.192308,6.916667,-9.0,25.70202,-0.75,0.916667
0.82,14,0.17,0,-10.0,1094.650288,1.096844,145,941.604594,119.772282,4.764706,-10.0,10.707014,12.79902,-9.0,20.105615,-0.75,4.647059
0.82,14,0.18,0,-3.444444,1093.85617,1.096048,148,941.604594,119.118687,-2.117647,0.111111,4.130216,12.472222,-3.444444,19.411171,-0.75,3.320261
0.82,14,0.19,0,-2.736842,1099.278599,1.101482,149,941.604594,118.533892,-2.736842,5.081871,4.130216,5.805556,1.526316,18.118773,4.513158,2.701066
0.82,14,0.2,0,-2.736842,1007.499773,1.009519,150,845.4435,115.617225,-2.736842,4.081871,4.130216,5.805556,1.263158,17.23642,9.513158,7.145511
0.82,14,0.21,0,-2.736842,1009.109483,1.011132,151,845.4435,115.617225,-2.736842,3.288221,3.009768,5.805556,1.263158,17.23642,13.036967,7.145511
0.82,14,0.22,0,-2.736842,1015.408948,1.017444,152,845.4435,115.162679,-2.736842,7.833675,2.009768,5.805556,5.808612,17.23642,13.036967,5.808612
0.82,16,0.15,0,-9.0,1115.957098,1.118193,145,936.019481,164.04329,5.333333,-9.0,0.358974,0.666667,-8.0,15.424242,-1.333333,12.444444
0.82,16,0.16,0,-10.0,1123.572557,1.125824,148,941.972241,163.150433,4.916667,-10.0,5.192308,6.916667,-9.0,14.590909,-1.75,7.583333
0.82,16,0.17,0,-10.0,1134.552249,1.136826,150,941.604594,167.772282,4.54902,-10.0,9.707014,12.79902,-9.0,14.223262,-1.75,4.647059
0.82,16,0.18,0,-3.444444,1133.64702,1.135919,152,941.604594,167.118687,-2.444444,0.111111,3.130216,12.472222,-3.444444,13.528818,-1.75,3.320261
0.82,16,0.19,1,1.526316,1144.951802,1.147246,153,941.604594,166.533892,2.818713,5.081871,3.130216,5.805556,1.526316,12.23642,3.513158,2.701066
0.82,16,0.2,1,1.263158,1052.909817,1.05502,154,845.4435,163.617225,2.555556,4.081871,3.130216,5.805556,1.263158,11.354067,8.513158,7.145511
0.82,16,0.21,1,1.263158,1049.963972,1.052068,154,845.4435,163.617225,1.761905,3.288221,2.009768,5.805556,1.263158,11.354067,8.275063,7.145511
0.82,16,0.22,1,1.009768,1051.717983,1.053826,155,845.4435,163.162679,1.761905,3.288221,1.009768,5.805556,5.808612,11.354067,8.275063,5.808612
0.82,18,0.15,0,-2.333333,1129.714674,1.131979,147,936.019481,165.04329,4.333333,0.090909,0.358974,0.666667,-2.333333,14.424242,-0.333333,11.444444
0.82,18,0.16,0,-3.75,1135.489224,1.137765,149,941.972241,164.150433,3.916667,-3.75,5.192308,6.916667,-2.333333,13.590909,-0.75,6.583333
0.82,18,0.17,0,-3.75,1146.468915,1.148766,151,941.604594,168.772282,3.54902,-3.75,9.707014,12.79902,-2.333333,13.223262,-0.75,3.647059
0.82,18,0.18,0,-3.444444,1151.424798,1.153732,152,941.604594,168.118687,-3.444444,1.111111,8.685772,12.472222,3.222222,12.528818,-0.75,7.875817
0.82,18,0.19,1,1.818713,1157.758819,1.160079,153,941.604594,167.826289,1.818713,6.081871,8.685772,5.805556,2.929825,11.23642,4.513158,7.256622
0.82,18,0.2,1,1.555556,1060.979993,1.063106,154,845.4435,159.909623,1.555556,5.081871,8.685772,5.805556,2.929825,10.354067,9.513158,11.701066
0.82,18,0.21,1,0.761905,1058.827798,1.06095,154,845.4435,159.909623,0.761905,5.081871,7.565324,5.805556,2.929825,10.354067,9.275063,11.701066
0.82,18,0.22,1,0.761905,1065.254706,1.067389,155,845.4435,159.455077,0.761905,5.081871,6.565324,5.805556,7.475279,15.026964,9.275063,10.364168
0.82,20,0.15,0,-2.333333,1130.381341,1.132647,153,936.019481,164.04329,3.333333,-0.909091,6.025641,0.666667,-2.333333,14.424242,-0.333333,9.444444
0.82,20,0.16,0,-3.75,1137.15589,1.139435,154,941.972241,163.150433,2.916667,-3.75,10.858974,6.916667,-2.333333,13.590909,-0.75,4.583333
0.82,20,0.17,0,-3.75,1148.135582,1.150436,156,941.604594,167.772282,2.54902,-3.75,15.37368,12.79902,-2.333333,13.223262,-0.75,1.647059
0.82,20,0.18,0,-0.75,1151.980353,1.154289,157,941.604594,167.118687,1.111111,1.111111,7.685772,12.472222,3.222222,12.528818,-0.75,5.875817
0.82,20,0.19,1,2.929825,1158.314375,1.160636,158,941.604594,166.826289,6.374269,6.081871,7.685772,5.805556,2.929825,11.23642,4.513158,5.256622
0.82,20,0.2,1,2.929825,1061.535548,1.063663,159,845.4435,158.909623,6.111111,5.081871,7.685772,5.805556,2.929825,10.354067,9.513158,9.701066
0.82,20,0.21,1,2.929825,1059.383354,1.061506,159,845.4435,158.909623,5.31746,5.081871,6.565324,5.805556,2.929825,10.354067,9.275063,9.701066
0.82,20,0.22,1,5.081871,1065.810262,1.067946,160,845.4435,158.455077,5.31746,5.081871,5.565324,5.805556,7.475279,15.026964,9.275063,8.364168
0.82,22,0.15,0,-3.333333,1123.714674,1.125967,153,936.019481,163.04329,-3.333333,0.090909,6.025641,0.666667,-2.333333,14.424242,-0.333333,9.444444
0.82,22,0.16,0,-3.333333,1137.15589,1.139435,154,941.972241,168.400433,-3.333333,-2.75,10.858974,6.916667,-2.333333,13.590909,-0.75,4.583333
0.82,22,0.17,0,-3.333333,1154.017935,1.156331,156,941.604594,172.654635,-3.333333,-2.75,21.256033,12.79902,-2.333333,13.223262,-0.75,1.647059
0.82,22,0.18,0,-0.75,1163.418262,1.16575,157,941.604594,171.674242,1.111111,2.111111,13.568125,12.472222,3.222222,12.528818,-0.75,5.875817
0.82,22,0.19,1,2.929825,1169.752283,1.172096,158,941.604594,171.381845,6.374269,7.081871,13.568125,5.805556,2.929825,11.23642,4.513158,5.256622
0.82,22,0.2,1,2.929825,1072.973457,1.075124,159,845.4435,163.465178,6.111111,6.081871,13.568125,5.805556,2.929825,10.354067,9.513158,9.701066
0.82,22,0.21,1,2.929825,1070.821263,1.072967,159,845.4435,163.465178,5.31746,6.081871,12.447677,5.805556,2.929825,10.354067,9.275063,9.701066
0.82,22,0.22,1,5.31746,1077.24817,1.079407,160,845.4435,163.010633,5.31746,6.081871,11.447677,5.805556,7.475279,15.026964,9.275063,8.364168
0.84,6,0.15,0,-5.0,871.681152,0.873428,118,730.186147,117.04329,-5.0,-3.307692,5.358974,9.809524,-4.0,10.757576,0.666667,10.166667
0.84,6,0.16,0,-6.75,892.45313,0.894242,124,729.769481,116.150433,1.25,-6.75,10.192308,8.916667,-6.0,10.340909,18.416667,10.166667
0.84,6,0.17,0,-6.75,901.95243,0.90376,129,728.401833,120.772282,0.882353,-6.75,14.074661,8.916667,-6.0,8.973262,18.416667,14.264706
0.84,6,0.18,0,-1.194444,911.042299,0.912868,130,728.401833,120.772282,-0.117647,-1.194444,13.380216,8.916667,-0.444444,8.973262,18.416667,13.937908
0.84,6,0.19,0,-1.486842,913.482272,0.915313,131,728.401833,120.772282,-0.736842,-1.486842,13.380216,8.916667,4.526316,7.973262,18.416667,13.318713
0.84,6,0.2,0,-2.486842,917.864539,0.919704,132,728.401833,117.855615,-0.736842,-2.486842,13.380216,8.916667,4.263158,7.090909,23.416667,17.763158
0.84,6,0.21,0,-2.486842,921.2679,0.923114,132,728.401833,117.855615,-0.736842,-2.486842,12.259768,8.916667,4.263158,11.852814,23.178571,17.763158
0.84,6,0.22,0,-0.736842,924.358809,0.926211,133,728.401833,117.40107,-0.736842,2.058612,11.259768,8.916667,4.263158,11.852814,23.178571,17.763158
0.84,8,0.15,0,-7.0,895.847819,0.897643,128,761.519481,117.04329,-0.333333,-2.307692,3.358974,8.809524,-7.0,10.757576,6.333333,-2.333333
0.84,8,0.16,0,-8.0,910.95313,0.912779,133,761.102814,116.150433,5.5,-5.75,1.942308,7.916667,-8.0,10.340909,24.083333,-2.333333
0.84,8,0.17,0,-8.0,922.45243,0.924301,136,760.735167,120.772282,5.132353,-5.75,6.824661,7.916667,-8.0,8.973262,24.083333,1.764706
0.84,8,0.18,0,-2.444444,931.542299,0.933409,137,760.735167,120.772282,4.132353,-0.194444,6.130216,7.916667,-2.444444,8.973262,24.083333,1.437908
0.84,8,0.19,0,-0.486842,933.982272,0.935854,138,760.735167,120.772282,3.513158,-0.486842,6.130216,7.916667,2.526316,7.973262,24.083333,0.818713
0.84,8,0.2,0,-1.486842,933.364539,0.935235,139,760.735167,117.855615,3.513158,-1.486842,6.130216,7.916667,2.263158,7.090909,24.083333,5.263158
0.84,8,0.21,0,-1.486842,937.005995,0.938884,139,760.735167,117.855615,3.513158,-1.486842,5.009768,7.916667,2.263158,11.852814,24.083333,5.263158
0.84,8,0.22,1,3.058612,944.642359,0.946535,140,760.735167,117.40107,3.513158,3.058612,4.009768,7.916667,6.808612,11.852814,24.083333,5.263158
0.84,10,0.15,0,-9.0,998.514486,1.000516,132,859.519481,117.04329,-0.333333,-9.0,8.051282,8.809524,-7.0,23.090909,0.666667,-2.333333
0.84,10,0.16,0,-8.0,1015.645438,1.017681,136,859.102814,116.150433,5.5,-4.75,6.634615,7.916667,-8.0,22.257576,13.166667,-2.333333
0.84,10,0.17,0,-8.0,1021.527091,1.023574,138,858.735167,120.772282,-1.117647,-4.75,11.516968,7.916667,-8.0,21.522282,13.166667,1.764706
0.84,10,0.18,0,-2.444444,1030.61696,1.032682,139,858.735167,120.772282,-2.117647,0.805556,10.822524,7.916667,-2.444444,21.522282,13.166667,1.437908
0.84,10,0.19,0,-2.736842,1033.056932,1.035127,140,858.735167,120.772282,-2.736842,0.513158,10.822524,7.916667,2.526316,20.522282,13.166667,0.818713
0.84,10,0.2,0,-2.736842,1032.439199,1.034508,141,858.735167,117.855615,-2.736842,-0.486842,10.822524,7.916667,2.263158,19.639929,13.166667,5.263158
0.84,10,0.21,0,-2.736842,1031.318751,1.033386,141,858.735167,117.855615,-2.736842,-0.486842,9.702076,7.916667,2.263158,19.639929,13.166667,5.263158
0.84,10,0.22,0,-2.736842,1038.955115,1.041037,142,858.735167,117.40107,-2.736842,4.058612,8.702076,7.916667,6.808612,19.639929,13.166667,5.263158
0.84,12,0.15,0,-7.0,974.063936,0.976016,137,831.211788,117.04329,-0.333333,-1.307692,0.358974,10.0,-7.0,22.090909,0.666667,1.333333
0.84,12,0.16,0,-8.0,992.790506,0.99478,140,837.164548,116.150433,5.5,-2.307692,-1.057692,10.0,-8.0,20.840909,13.166667,1.333333
0.84,12,0.17,0,-8.0,996.862204,0.99886,142,834.986946,120.772282,-1.117647,-2.307692,3.824661,10.0,-8.0,20.105615,13.166667,5.431373
0.84,12,0.18,0,-2.444444,1006.625275,1.008643,142,834.660149,120.772282,-1.117647,3.247863,3.130216,10.0,-2.444444,20.105615,13.166667,5.104575
0.84,12,0.19,0,-1.736842,1014.328406,1.016361,143,834.660149,120.772282,-1.736842,8.218623,3.130216,10.0,2.526316,19.105615,13.166667,4.48538
0.84,12,0.2,0,-1.736842,1011.299579,1.013326,144,833.499056,117.855615,-1.736842,7.218623,3.130216,10.0,2.263158,16.973262,13.166667,8.929825
0.84,12,0.21,0,-1.736842,1010.179131,1.012204,144,833.499056,117.855615,-1.736842,7.218623,2.009768,10.0,2.263158,16.973262,13.166667,8.929825
0.84,12,0.22,0,-1.736842,1017.815495,1.019855,145,833.499056,117.40107,-1.736842,11.764078,1.009768,10.0,6.808612,16.973262,13.166667,8.929825
0.84,14,0.15,0,-8.0,971.063936,0.97301,140,831.211788,116.04329,6.333333,-2.307692,1.358974,10.0,-8.0,16.424242,1.666667,-1.666667
0.84,14,0.16,0,-9.0,984.957172,0.986931,142,837.164548,115.150433,5.916667,-2.307692,-0.057692,10.0,-9.0,15.590909,14.166667,-1.666667
0.84,14,0.17,0,-9.0,995.27887,0.997273,144,834.986946,119.772282,5.54902,-2.307692,4.824661,10.0,-9.0,14.855615,14.166667,2.431373
0.84,14,0.18,0,-3.444444,1003.930831,1.005943,144,834.660149,119.772282,4.437908,3.247863,4.130216,10.0,-3.444444,14.855615,14.166667,2.104575
0.84,14,0.19,1,1.48538,1012.253156,1.014282,145,834.660149,119.772282,4.437908,8.218623,4.130216,10.0,1.526316,13.855615,14.166667,1.48538
0.84,14,0.2,1,1.263158,1010.47433,1.012499,146,833.499056,116.855615,4.437908,7.218623,4.130216,10.0,1.263158,12.973262,14.166667,5.929825
0.84,14,0.21,1,1.263158,1008.560231,1.010581,146,833.499056,116.855615,3.644258,7.218623,3.009768,10.0,1.263158,12.973262,14.166667,5.929825
0.84,14,0.22,1,2.009768,1011.65114,1.013678,147,833.499056,116.40107,3.644258,7.218623,2.009768,10.0,5.808612,12.973262,14.166667,5.929825
0.84,16,0.15,0,-8.0,1018.063936,1.020104,143,831.211788,164.04329,-2.333333,-2.307692,2.358974,10.0,-8.0,16.424242,0.666667,6.0
0.84,16,0.16,0,-9.0,1031.957172,1.034025,145,837.164548,163.150433,3.916667,-2.307692,0.942308,10.0,-9.0,15.590909,13.166667,-0.666667
0.84,16,0.17,0,-9.0,1048.52887,1.05063,147,834.986946,167.772282,9.79902,-2.307692,5.824661,10.0,-9.0,14.855615,13.166667,3.431373
0.84,16,0.18,0,-3.444444,1057.180831,1.059299,147,834.660149,167.772282,8.687908,3.247863,5.130216,10.0,-3.444444,14.855615,13.166667,3.104575
0.84,16,0.19,1,1.526316,1065.503156,1.067638,148,834.660149,167.772282,8.687908,8.218623,5.130216,10.0,1.526316,13.855615,13.166667,2.48538
0.84,16,0.2,1,1.263158,1063.72433,1.065856,149,833.499056,164.855615,8.687908,7.218623,5.130216,10.0,1.263158,12.973262,13.166667,6.929825
0.84,16,0.21,1,1.263158,1061.810231,1.063938,149,833.499056,164.855615,7.894258,7.218623,4.009768,10.0,1.263158,12.973262,13.166667,6.929825
0.84,16,0.22,1,3.009768,1064.90114,1.067035,150,833.499056,164.40107,7.894258,7.218623,3.009768,10.0,5.808612,12.973262,13.166667,6.929825
0.84,18,0.15,0,-2.333333,1036.841714,1.03892,142,831.211788,159.900433,-2.333333,-1.307692,1.358974,10.0,-1.333333,22.5671,0.666667,16.111111
0.84,18,0.16,0,-1.333333,1051.73495,1.053843,143,837.164548,159.007576,3.916667,-1.307692,-0.057692,10.0,-1.333333,21.733766,13.166667,9.444444
0.84,18,0.17,0,-1.333333,1063.684799,1.065816,145,834.986946,159.007576,9.79902,-1.307692,4.824661,10.0,-1.333333,20.998472,13.166667,13.542484
0.84,18,0.18,1,4.222222,1077.892316,1.080052,145,834.660149,159.007576,8.687908,4.247863,9.685772,10.0,4.222222,20.998472,13.166667,13.215686
0.84,18,0.19,1,3.929825,1080.951483,1.083118,146,834.660149,159.007576,8.687908,9.218623,9.685772,10.0,3.929825,19.998472,13.166667,12.596491
0.84,18,0.2,1,3.929825,1074.435815,1.076589,147,833.499056,151.090909,8.687908,8.218623,9.685772,10.0,3.929825,19.116119,13.166667,17.040936
0.84,18,0.21,1,3.929825,1072.521716,1.074671,147,833.499056,151.090909,7.894258,8.218623,8.565324,10.0,3.929825,19.116119,13.166667,17.040936
0.84,18,0.22,1,7.565324,1075.612625,1.077768,148,833.499056,150.636364,7.894258,8.218623,7.565324,10.0,8.475279,19.116119,13.166667,17.040936
0.84,20,0.15,0,-3.333333,1053.841714,1.055954,145,831.211788,159.900433,-3.333333,-2.307692,13.692308,10.0,-1.333333,22.5671,0.666667,22.777778
0.84,20,0.16,0,-2.307692,1061.651617,1.063779,146,837.164548,159.007576,2.916667,-2.307692,5.192308,10.0,-1.333333,21.733766,13.166667,16.111111
0.84,20,0.17,0,-2.307692,1079.483819,1.081647,148,834.986946,159.007576,14.681373,-2.307692,10.074661,10.0,-1.333333,20.998472,13.166667,20.20915
0.84,20,0.18,1,3.247863,1088.830224,1.091012,148,834.660149,159.007576,13.570261,3.247863,10.074661,10.0,4.222222,20.998472,13.166667,19.882353
0.84,20,0.19,1,3.929825,1097.15255,1.099351,149,834.660149,159.007576,13.570261,8.218623,10.074661,10.0,3.929825,19.998472,13.166667,24.526316
0.84,20,0.2,1,3.929825,1090.636881,1.092823,150,833.499056,151.090909,13.570261,7.218623,10.074661,10.0,3.929825,19.116119,13.166667,28.97076
0.84,20,0.21,1,3.929825,1088.722782,1.090905,150,833.499056,151.090909,12.776611,7.218623,8.954212,10.0,3.929825,19.116119,13.166667,28.97076
0.84,20,0.22,1,7.218623,1091.813691,1.094002,151,833.499056,150.636364,12.776611,7.218623,7.954212,10.0,8.475279,19.116119,13.166667,28.97076
0.84,22,0.15,0,-3.333333,1066.200688,1.068337,147,831.211788,164.5671,-3.333333,-2.307692,20.384615,10.0,-1.333333,22.5671,0.666667,23.777778
0.84,22,0.16,0,-2.307692,1072.151617,1.0743,148,837.164548,163.257576,2.916667,-2.307692,10.442308,10.0,-1.333333,21.733766,13.166667,17.111111
0.84,22,0.17,0,-2.307692,1089.983819,1.092168,150,834.986946,163.257576,14.681373,-2.307692,15.324661,10.0,-1.333333,20.998472,13.166667,21.20915
0.84,22,0.18,1,3.247863,1099.330224,1.101533,150,834.660149,163.257576,13.570261,3.247863,15.324661,10.0,4.222222,20.998472,13.166667,20.882353
0.84,22,0.19,1,3.929825,1112.915707,1.115146,151,834.660149,163.257576,13.570261,13.481781,15.324661,10.0,3.929825,19.998472,13.166667,25.526316
0.84,22,0.2,1,3.929825,1106.400039,1.108617,152,833.499056,155.340909,13.570261,12.481781,15.324661,10.0,3.929825,19.116119,13.166667,29.97076
0.84,22,0.21,1,3.929825,1104.48594,1.106699,152,833.499056,155.340909,12.776611,12.481781,14.204212,10.0,3.929825,19.116119,13.166667,29.97076
0.84,22,0.22,1,8.475279,1107.576849,1.109796,153,833.499056,154.886364,12.776611,12.481781,13.204212,10.0,8.475279,19.116119,13.166667,29.97076
